host=cuda12-8-1-cudnn-devel-ub24-web-1f6b12ece72844fb9d-5bdcd5fks85c
user=cjt
date=2026-06-16T14:14:37+08:00

## unreadable-before

### /data/cjt/hate/Try/RA-HMD_text
/data/cjt/hate/Try/RA-HMD_text/LLAMA-FACTORY/src/llamafactory/train/sft_classifier/trainer.py.bak_20260613_yes_token_fallback
/data/cjt/hate/Try/RA-HMD_text/LLAMA-FACTORY/data/dataset_info.json.bak_20260613_target_dropout
/data/cjt/hate/Try/RA-HMD_text/LLAMA-FACTORY/checkpoints/qwen3-4b/lora/ihc_text_target_v1/target_dropout_before_gate
/data/cjt/hate/Try/RA-HMD_text/Stage2/src/__pycache__
/data/cjt/hate/Try/RA-HMD_text/Stage2/src/run_single_stage_llm_retrieval.py.bak_20260611_target_predicted
/data/cjt/hate/Try/RA-HMD_text/Stage2/src/run_single_stage_llm_retrieval.py.bak_20260612_112336_target_parse
/data/cjt/hate/Try/RA-HMD_text/Stage2/src/run_single_stage_llm_retrieval.py.bak_20260613_target_dropout_prompt
/data/cjt/hate/Try/RA-HMD_text/Stage2/src/run_single_stage_llm_retrieval.py.bak_20260613_disable_retrieval
/data/cjt/hate/Try/RA-HMD_text/Stage2/data/Embedding/qwen3-4b/IHCText_seed42_3epoch_lora8_alpha16_no4bit
/data/cjt/hate/Try/RA-HMD_text/runs/stage1_finetune_retrain_retrieval_20260609_2300
/data/cjt/hate/Try/RA-HMD_text/runs/text_stage2_classifier_smoke_20260611_121550
/data/cjt/hate/Try/RA-HMD_text/runs/text_stage2_classifier_smoke_20260611_121607/logs/train.log
/data/cjt/hate/Try/RA-HMD_text/runs/text_stage2_classifier_smoke_20260611_121607/best_model.pt
/data/cjt/hate/Try/RA-HMD_text/runs/text_stage2_classifier_smoke_20260611_121607/history.json
/data/cjt/hate/Try/RA-HMD_text/runs/text_stage2_classifier_smoke_20260611_121607/best.json
/data/cjt/hate/Try/RA-HMD_text/runs/text_stage2_classifier_smoke2_20260611_121713/logs/train.log
/data/cjt/hate/Try/RA-HMD_text/runs/text_stage2_classifier_20260611_121754.nohup.log
/data/cjt/hate/Try/RA-HMD_text/runs/text_stage2_classifier_20260611_121754/logs/train.log
/data/cjt/hate/Try/RA-HMD_text/runs/text_stage2_classifier_20260611_121938/logs/train.log
/data/cjt/hate/Try/RA-HMD_text/runs/target_view_6way_20260611_191840/status.tsv
/data/cjt/hate/Try/RA-HMD_text/runs/target_view_6way_20260611_191840/badcase_diagnosis
/data/cjt/hate/Try/RA-HMD_text/runs/target_parse_fix_4way_20260612_112814/pid.txt
/data/cjt/hate/Try/RA-HMD_text/runs/target_parse_fix_4way_20260612_112814/queue.log
/data/cjt/hate/Try/RA-HMD_text/runs/target_then_classifier_training_20260612_180123/logs
/data/cjt/hate/Try/RA-HMD_text/runs/target_then_classifier_training_20260612_180150/logs/prepare_target_extraction_data.log
/data/cjt/hate/Try/RA-HMD_text/runs/target_then_classifier_training_20260612_180247/logs/prepare_target_extraction_data.log
/data/cjt/hate/Try/RA-HMD_text/runs/target_then_classifier_training_20260612_180247/logs/train_target_extractor.log
/data/cjt/hate/Try/RA-HMD_text/runs/target_then_classifier_training_20260612_182414/logs/prepare_target_extraction_data.log
/data/cjt/hate/Try/RA-HMD_text/runs/target_then_classifier_training_20260612_182414/logs/train_target_extractor.log
/data/cjt/hate/Try/RA-HMD_text/runs/target_dropout_before_gate_20260613_153016
/data/cjt/hate/Try/RA-HMD_text/run_stage1_finetune_retrieval_queue.sh
/data/cjt/hate/Try/RA-HMD_text/README.md.bak_20260611_target_predicted

### /data/cjt/hate/AnyCode-xu-l20/DATA
/data/cjt/hate/AnyCode-xu-l20/DATA/hate_data.tar.gz

### /data/cjt/hate/AnyCode-xu-l20/FineTune

### /data/cjt/nlpcourse

## chmod
chmod -R u+rwX /data/cjt/hate/Try/RA-HMD_text
chmod -R u+rwX /data/cjt/hate/AnyCode-xu-l20/DATA
chmod: changing permissions of '/data/cjt/hate/AnyCode-xu-l20/DATA': Operation not permitted
chmod: changing permissions of '/data/cjt/hate/AnyCode-xu-l20/DATA/IHC': Operation not permitted
chmod: changing permissions of '/data/cjt/hate/AnyCode-xu-l20/DATA/IHC/LICENSE': Operation not permitted
chmod: changing permissions of '/data/cjt/hate/AnyCode-xu-l20/DATA/IHC/README.md': Operation not permitted
chmod: changing permissions of '/data/cjt/hate/AnyCode-xu-l20/DATA/PLEAD': Operation not permitted
chmod: changing permissions of '/data/cjt/hate/AnyCode-xu-l20/DATA/PLEAD/README.md': Operation not permitted
chmod: changing permissions of '/data/cjt/hate/AnyCode-xu-l20/DATA/PLEAD/gitattributes': Operation not permitted
chmod: changing permissions of '/data/cjt/hate/AnyCode-xu-l20/DATA/PLEAD/test.jsonl': Operation not permitted
chmod: changing permissions of '/data/cjt/hate/AnyCode-xu-l20/DATA/PLEAD/validation.jsonl': Operation not permitted
chmod: changing permissions of '/data/cjt/hate/AnyCode-xu-l20/DATA/SBIC': Operation not permitted
chmod: changing permissions of '/data/cjt/hate/AnyCode-xu-l20/DATA/SBIC/LICENSE': Operation not permitted
chmod: changing permissions of '/data/cjt/hate/AnyCode-xu-l20/DATA/SBIC/README.md': Operation not permitted
chmod: changing permissions of '/data/cjt/hate/AnyCode-xu-l20/DATA/llm_filled_target': Operation not permitted
chmod: changing permissions of '/data/cjt/hate/AnyCode-xu-l20/DATA/llm_filled_target/IHC': Operation not permitted
chmod: changing permissions of '/data/cjt/hate/AnyCode-xu-l20/DATA/llm_filled_target/IHC/processed': Operation not permitted
chmod: changing permissions of '/data/cjt/hate/AnyCode-xu-l20/DATA/llm_filled_target/IHC/processed/test.json': Operation not permitted
chmod: changing permissions of '/data/cjt/hate/AnyCode-xu-l20/DATA/llm_filled_target/IHC/processed/valid.json': Operation not permitted
chmod: changing permissions of '/data/cjt/hate/AnyCode-xu-l20/DATA/llm_filled_target/fill_not_toxic_targets_with_llm.py': Operation not permitted
chmod -R u+rwX /data/cjt/hate/AnyCode-xu-l20/FineTune
chmod: changing permissions of '/data/cjt/hate/AnyCode-xu-l20/FineTune': Operation not permitted
chmod: changing permissions of '/data/cjt/hate/AnyCode-xu-l20/FineTune/.gitignore': Operation not permitted
chmod: changing permissions of '/data/cjt/hate/AnyCode-xu-l20/FineTune/COMMANDS.md': Operation not permitted
chmod: changing permissions of '/data/cjt/hate/AnyCode-xu-l20/FineTune/PROJECT.md': Operation not permitted
chmod: changing permissions of '/data/cjt/hate/AnyCode-xu-l20/FineTune/README.md': Operation not permitted
chmod: changing permissions of '/data/cjt/hate/AnyCode-xu-l20/FineTune/STATUS.md': Operation not permitted
chmod: changing permissions of '/data/cjt/hate/AnyCode-xu-l20/FineTune/configs': Operation not permitted
chmod: changing permissions of '/data/cjt/hate/AnyCode-xu-l20/FineTune/configs/llama3_1_8b_qlora.yaml': Operation not permitted
chmod: changing permissions of '/data/cjt/hate/AnyCode-xu-l20/FineTune/configs/mistral_7b_qlora.yaml': Operation not permitted
chmod: changing permissions of '/data/cjt/hate/AnyCode-xu-l20/FineTune/configs/qwen2_5_7b_qlora.yaml': Operation not permitted
chmod: changing permissions of '/data/cjt/hate/AnyCode-xu-l20/FineTune/configs/qwen3_4b_qlora.yaml': Operation not permitted
chmod: changing permissions of '/data/cjt/hate/AnyCode-xu-l20/FineTune/data': Operation not permitted
chmod: changing permissions of '/data/cjt/hate/AnyCode-xu-l20/FineTune/data/processed': Operation not permitted
chmod: changing permissions of '/data/cjt/hate/AnyCode-xu-l20/FineTune/data/processed/ihc': Operation not permitted
chmod: changing permissions of '/data/cjt/hate/AnyCode-xu-l20/FineTune/data/processed/ihc/label_map.json': Operation not permitted
chmod: changing permissions of '/data/cjt/hate/AnyCode-xu-l20/FineTune/data/processed/ihc/stats.json': Operation not permitted
chmod: changing permissions of '/data/cjt/hate/AnyCode-xu-l20/FineTune/data/processed/ihc/test.jsonl': Operation not permitted
chmod: changing permissions of '/data/cjt/hate/AnyCode-xu-l20/FineTune/data/processed/ihc/validation.jsonl': Operation not permitted
chmod: changing permissions of '/data/cjt/hate/AnyCode-xu-l20/FineTune/data/processed/ihc_restructured_target_v1': Operation not permitted
chmod: changing permissions of '/data/cjt/hate/AnyCode-xu-l20/FineTune/data/processed/ihc_restructured_target_v1/label_map.json': Operation not permitted
chmod: changing permissions of '/data/cjt/hate/AnyCode-xu-l20/FineTune/data/processed/ihc_restructured_target_v1/stats.json': Operation not permitted
chmod: changing permissions of '/data/cjt/hate/AnyCode-xu-l20/FineTune/data/processed/ihc_restructured_target_v1/test.jsonl': Operation not permitted
chmod: changing permissions of '/data/cjt/hate/AnyCode-xu-l20/FineTune/data/processed/ihc_restructured_target_v1/validation.jsonl': Operation not permitted
chmod: changing permissions of '/data/cjt/hate/AnyCode-xu-l20/FineTune/data/processed/ihc_statement_full_text_label_1x': Operation not permitted
chmod: changing permissions of '/data/cjt/hate/AnyCode-xu-l20/FineTune/data/processed/ihc_statement_full_text_label_1x/label_map.json': Operation not permitted
chmod: changing permissions of '/data/cjt/hate/AnyCode-xu-l20/FineTune/data/processed/ihc_statement_full_text_label_1x/stats.json': Operation not permitted
chmod: changing permissions of '/data/cjt/hate/AnyCode-xu-l20/FineTune/data/processed/ihc_statement_full_text_label_1x/test.jsonl': Operation not permitted
chmod: changing permissions of '/data/cjt/hate/AnyCode-xu-l20/FineTune/data/processed/ihc_statement_full_text_label_1x/validation.jsonl': Operation not permitted
chmod: changing permissions of '/data/cjt/hate/AnyCode-xu-l20/FineTune/data/processed/ihc_statement_full_text_label_target_1x': Operation not permitted
chmod: changing permissions of '/data/cjt/hate/AnyCode-xu-l20/FineTune/data/processed/ihc_statement_full_text_label_target_1x/label_map.json': Operation not permitted
chmod: changing permissions of '/data/cjt/hate/AnyCode-xu-l20/FineTune/data/processed/ihc_statement_full_text_label_target_1x/stats.json': Operation not permitted
chmod: changing permissions of '/data/cjt/hate/AnyCode-xu-l20/FineTune/data/processed/ihc_statement_full_text_label_target_1x/test.jsonl': Operation not permitted
chmod: changing permissions of '/data/cjt/hate/AnyCode-xu-l20/FineTune/data/processed/ihc_statement_full_text_label_target_1x/validation.jsonl': Operation not permitted
chmod: changing permissions of '/data/cjt/hate/AnyCode-xu-l20/FineTune/data/processed/ihc_statement_full_text_only_1x': Operation not permitted
chmod: changing permissions of '/data/cjt/hate/AnyCode-xu-l20/FineTune/data/processed/ihc_statement_full_text_only_1x/label_map.json': Operation not permitted
chmod: changing permissions of '/data/cjt/hate/AnyCode-xu-l20/FineTune/data/processed/ihc_statement_full_text_only_1x/stats.json': Operation not permitted
chmod: changing permissions of '/data/cjt/hate/AnyCode-xu-l20/FineTune/data/processed/ihc_statement_full_text_only_1x/test.jsonl': Operation not permitted
chmod: changing permissions of '/data/cjt/hate/AnyCode-xu-l20/FineTune/data/processed/ihc_statement_full_text_only_1x/validation.jsonl': Operation not permitted
chmod: changing permissions of '/data/cjt/hate/AnyCode-xu-l20/FineTune/data/processed/ihc_statement_pilot_s1_native_toxic': Operation not permitted
chmod: changing permissions of '/data/cjt/hate/AnyCode-xu-l20/FineTune/data/processed/ihc_statement_pilot_s1_native_toxic/label_map.json': Operation not permitted
chmod: changing permissions of '/data/cjt/hate/AnyCode-xu-l20/FineTune/data/processed/ihc_statement_pilot_s1_native_toxic/stats.json': Operation not permitted
chmod: changing permissions of '/data/cjt/hate/AnyCode-xu-l20/FineTune/data/processed/ihc_statement_pilot_s1_native_toxic/test.jsonl': Operation not permitted
chmod: changing permissions of '/data/cjt/hate/AnyCode-xu-l20/FineTune/data/processed/ihc_statement_pilot_s1_native_toxic/validation.jsonl': Operation not permitted
chmod: changing permissions of '/data/cjt/hate/AnyCode-xu-l20/FineTune/data/processed/ihc_statement_pilot_s2_text_label_1x': Operation not permitted
chmod: changing permissions of '/data/cjt/hate/AnyCode-xu-l20/FineTune/data/processed/ihc_statement_pilot_s2_text_label_1x/label_map.json': Operation not permitted
chmod: changing permissions of '/data/cjt/hate/AnyCode-xu-l20/FineTune/data/processed/ihc_statement_pilot_s2_text_label_1x/stats.json': Operation not permitted
chmod: changing permissions of '/data/cjt/hate/AnyCode-xu-l20/FineTune/data/processed/ihc_statement_pilot_s2_text_label_1x/test.jsonl': Operation not permitted
chmod: changing permissions of '/data/cjt/hate/AnyCode-xu-l20/FineTune/data/processed/ihc_statement_pilot_s2_text_label_1x/validation.jsonl': Operation not permitted
chmod: changing permissions of '/data/cjt/hate/AnyCode-xu-l20/FineTune/data/processed/ihc_statement_pilot_s2_text_label_4x': Operation not permitted
chmod: changing permissions of '/data/cjt/hate/AnyCode-xu-l20/FineTune/data/processed/ihc_statement_pilot_s2_text_label_4x/label_map.json': Operation not permitted
chmod: changing permissions of '/data/cjt/hate/AnyCode-xu-l20/FineTune/data/processed/ihc_statement_pilot_s2_text_label_4x/stats.json': Operation not permitted
chmod: changing permissions of '/data/cjt/hate/AnyCode-xu-l20/FineTune/data/processed/ihc_statement_pilot_s2_text_label_4x/test.jsonl': Operation not permitted
chmod: changing permissions of '/data/cjt/hate/AnyCode-xu-l20/FineTune/data/processed/ihc_statement_pilot_s2_text_label_4x/validation.jsonl': Operation not permitted
chmod: changing permissions of '/data/cjt/hate/AnyCode-xu-l20/FineTune/data/processed/ihc_statement_pilot_s2_text_label_target_1x': Operation not permitted
chmod: changing permissions of '/data/cjt/hate/AnyCode-xu-l20/FineTune/data/processed/ihc_statement_pilot_s2_text_label_target_1x/label_map.json': Operation not permitted
chmod: changing permissions of '/data/cjt/hate/AnyCode-xu-l20/FineTune/data/processed/ihc_statement_pilot_s2_text_label_target_1x/stats.json': Operation not permitted
chmod: changing permissions of '/data/cjt/hate/AnyCode-xu-l20/FineTune/data/processed/ihc_statement_pilot_s2_text_label_target_1x/test.jsonl': Operation not permitted
chmod: changing permissions of '/data/cjt/hate/AnyCode-xu-l20/FineTune/data/processed/ihc_statement_pilot_s2_text_label_target_1x/validation.jsonl': Operation not permitted
chmod: changing permissions of '/data/cjt/hate/AnyCode-xu-l20/FineTune/data/processed/ihc_statement_pilot_s2_text_only_1x': Operation not permitted
chmod: changing permissions of '/data/cjt/hate/AnyCode-xu-l20/FineTune/data/processed/ihc_statement_pilot_s2_text_only_1x/label_map.json': Operation not permitted
chmod: changing permissions of '/data/cjt/hate/AnyCode-xu-l20/FineTune/data/processed/ihc_statement_pilot_s2_text_only_1x/stats.json': Operation not permitted
chmod: changing permissions of '/data/cjt/hate/AnyCode-xu-l20/FineTune/data/processed/ihc_statement_pilot_s2_text_only_1x/test.jsonl': Operation not permitted
chmod: changing permissions of '/data/cjt/hate/AnyCode-xu-l20/FineTune/data/processed/ihc_statement_pilot_s2_text_only_1x/validation.jsonl': Operation not permitted
chmod: changing permissions of '/data/cjt/hate/AnyCode-xu-l20/FineTune/data/processed/sbic': Operation not permitted
chmod: changing permissions of '/data/cjt/hate/AnyCode-xu-l20/FineTune/data/processed/sbic/label_map.json': Operation not permitted
chmod: changing permissions of '/data/cjt/hate/AnyCode-xu-l20/FineTune/data/processed/sbic/stats.json': Operation not permitted
chmod: changing permissions of '/data/cjt/hate/AnyCode-xu-l20/FineTune/data/processed/sbic/test.jsonl': Operation not permitted
chmod: changing permissions of '/data/cjt/hate/AnyCode-xu-l20/FineTune/data/processed/sbic/validation.jsonl': Operation not permitted
chmod: changing permissions of '/data/cjt/hate/AnyCode-xu-l20/FineTune/experiments': Operation not permitted
chmod: changing permissions of '/data/cjt/hate/AnyCode-xu-l20/FineTune/experiments/README.md': Operation not permitted
chmod: changing permissions of '/data/cjt/hate/AnyCode-xu-l20/FineTune/experiments/baseline': Operation not permitted
chmod: changing permissions of '/data/cjt/hate/AnyCode-xu-l20/FineTune/experiments/baseline/README.md': Operation not permitted
chmod: changing permissions of '/data/cjt/hate/AnyCode-xu-l20/FineTune/experiments/baseline/ihc': Operation not permitted
chmod: changing permissions of '/data/cjt/hate/AnyCode-xu-l20/FineTune/experiments/baseline/ihc/Mistral-7B-Instruct-v0.3': Operation not permitted
chmod: changing permissions of '/data/cjt/hate/AnyCode-xu-l20/FineTune/experiments/baseline/ihc/Mistral-7B-Instruct-v0.3/class': Operation not permitted
chmod: changing permissions of '/data/cjt/hate/AnyCode-xu-l20/FineTune/experiments/baseline/ihc/Mistral-7B-Instruct-v0.3/class/README.md': Operation not permitted
chmod: changing permissions of '/data/cjt/hate/AnyCode-xu-l20/FineTune/experiments/baseline/ihc/Mistral-7B-Instruct-v0.3/class/adapter_config.json': Operation not permitted
chmod: changing permissions of '/data/cjt/hate/AnyCode-xu-l20/FineTune/experiments/baseline/ihc/Mistral-7B-Instruct-v0.3/class/chat_template.jinja': Operation not permitted
chmod: changing permissions of '/data/cjt/hate/AnyCode-xu-l20/FineTune/experiments/baseline/ihc/Mistral-7B-Instruct-v0.3/class/eval': Operation not permitted
chmod: changing permissions of '/data/cjt/hate/AnyCode-xu-l20/FineTune/experiments/baseline/ihc/Mistral-7B-Instruct-v0.3/class/eval/error_summary.json': Operation not permitted
chmod: changing permissions of '/data/cjt/hate/AnyCode-xu-l20/FineTune/experiments/baseline/ihc/Mistral-7B-Instruct-v0.3/class/eval/test_metrics.json': Operation not permitted
chmod: changing permissions of '/data/cjt/hate/AnyCode-xu-l20/FineTune/experiments/baseline/ihc/Mistral-7B-Instruct-v0.3/class/tokenizer_config.json': Operation not permitted
chmod: changing permissions of '/data/cjt/hate/AnyCode-xu-l20/FineTune/experiments/baseline/ihc/Mistral-7B-Instruct-v0.3/class/trainable_params.json': Operation not permitted
chmod: changing permissions of '/data/cjt/hate/AnyCode-xu-l20/FineTune/experiments/baseline/ihc/Mistral-7B-Instruct-v0.3/class/validation_metrics.json': Operation not permitted
chmod: changing permissions of '/data/cjt/hate/AnyCode-xu-l20/FineTune/experiments/baseline/ihc/Mistral-7B-Instruct-v0.3/class_hate_class_target_statement_toxic_only': Operation not permitted
chmod: changing permissions of '/data/cjt/hate/AnyCode-xu-l20/FineTune/experiments/baseline/ihc/Mistral-7B-Instruct-v0.3/class_hate_class_target_statement_toxic_only/README.md': Operation not permitted
chmod: changing permissions of '/data/cjt/hate/AnyCode-xu-l20/FineTune/experiments/baseline/ihc/Mistral-7B-Instruct-v0.3/class_hate_class_target_statement_toxic_only/adapter_config.json': Operation not permitted
chmod: changing permissions of '/data/cjt/hate/AnyCode-xu-l20/FineTune/experiments/baseline/ihc/Mistral-7B-Instruct-v0.3/class_hate_class_target_statement_toxic_only/chat_template.jinja': Operation not permitted
chmod: changing permissions of '/data/cjt/hate/AnyCode-xu-l20/FineTune/experiments/baseline/ihc/Mistral-7B-Instruct-v0.3/class_hate_class_target_statement_toxic_only/eval': Operation not permitted
chmod: changing permissions of '/data/cjt/hate/AnyCode-xu-l20/FineTune/experiments/baseline/ihc/Mistral-7B-Instruct-v0.3/class_hate_class_target_statement_toxic_only/eval/error_summary.json': Operation not permitted
chmod: changing permissions of '/data/cjt/hate/AnyCode-xu-l20/FineTune/experiments/baseline/ihc/Mistral-7B-Instruct-v0.3/class_hate_class_target_statement_toxic_only/eval/test_metrics.json': Operation not permitted
chmod: changing permissions of '/data/cjt/hate/AnyCode-xu-l20/FineTune/experiments/baseline/ihc/Mistral-7B-Instruct-v0.3/class_hate_class_target_statement_toxic_only/hate_class_vocab.json': Operation not permitted
chmod: changing permissions of '/data/cjt/hate/AnyCode-xu-l20/FineTune/experiments/baseline/ihc/Mistral-7B-Instruct-v0.3/class_hate_class_target_statement_toxic_only/tokenizer_config.json': Operation not permitted
chmod: changing permissions of '/data/cjt/hate/AnyCode-xu-l20/FineTune/experiments/baseline/ihc/Mistral-7B-Instruct-v0.3/class_hate_class_target_statement_toxic_only/trainable_params.json': Operation not permitted
chmod: changing permissions of '/data/cjt/hate/AnyCode-xu-l20/FineTune/experiments/baseline/ihc/Mistral-7B-Instruct-v0.3/class_hate_class_target_toxic_only': Operation not permitted
chmod: changing permissions of '/data/cjt/hate/AnyCode-xu-l20/FineTune/experiments/baseline/ihc/Mistral-7B-Instruct-v0.3/class_hate_class_target_toxic_only/README.md': Operation not permitted
chmod: changing permissions of '/data/cjt/hate/AnyCode-xu-l20/FineTune/experiments/baseline/ihc/Mistral-7B-Instruct-v0.3/class_hate_class_target_toxic_only/adapter_config.json': Operation not permitted
chmod: changing permissions of '/data/cjt/hate/AnyCode-xu-l20/FineTune/experiments/baseline/ihc/Mistral-7B-Instruct-v0.3/class_hate_class_target_toxic_only/chat_template.jinja': Operation not permitted
chmod: changing permissions of '/data/cjt/hate/AnyCode-xu-l20/FineTune/experiments/baseline/ihc/Mistral-7B-Instruct-v0.3/class_hate_class_target_toxic_only/eval': Operation not permitted
chmod: changing permissions of '/data/cjt/hate/AnyCode-xu-l20/FineTune/experiments/baseline/ihc/Mistral-7B-Instruct-v0.3/class_hate_class_target_toxic_only/eval/error_summary.json': Operation not permitted
chmod: changing permissions of '/data/cjt/hate/AnyCode-xu-l20/FineTune/experiments/baseline/ihc/Mistral-7B-Instruct-v0.3/class_hate_class_target_toxic_only/eval/test_metrics.json': Operation not permitted
chmod: changing permissions of '/data/cjt/hate/AnyCode-xu-l20/FineTune/experiments/baseline/ihc/Mistral-7B-Instruct-v0.3/class_hate_class_target_toxic_only/hate_class_vocab.json': Operation not permitted
chmod: changing permissions of '/data/cjt/hate/AnyCode-xu-l20/FineTune/experiments/baseline/ihc/Mistral-7B-Instruct-v0.3/class_hate_class_target_toxic_only/tokenizer_config.json': Operation not permitted
chmod: changing permissions of '/data/cjt/hate/AnyCode-xu-l20/FineTune/experiments/baseline/ihc/Mistral-7B-Instruct-v0.3/class_hate_class_target_toxic_only/trainable_params.json': Operation not permitted
chmod: changing permissions of '/data/cjt/hate/AnyCode-xu-l20/FineTune/experiments/baseline/ihc/Mistral-7B-Instruct-v0.3/class_target_toxic_only': Operation not permitted
chmod: changing permissions of '/data/cjt/hate/AnyCode-xu-l20/FineTune/experiments/baseline/ihc/Mistral-7B-Instruct-v0.3/class_target_toxic_only/README.md': Operation not permitted
chmod: changing permissions of '/data/cjt/hate/AnyCode-xu-l20/FineTune/experiments/baseline/ihc/Mistral-7B-Instruct-v0.3/class_target_toxic_only/adapter_config.json': Operation not permitted
chmod: changing permissions of '/data/cjt/hate/AnyCode-xu-l20/FineTune/experiments/baseline/ihc/Mistral-7B-Instruct-v0.3/class_target_toxic_only/chat_template.jinja': Operation not permitted
chmod: changing permissions of '/data/cjt/hate/AnyCode-xu-l20/FineTune/experiments/baseline/ihc/Mistral-7B-Instruct-v0.3/class_target_toxic_only/eval': Operation not permitted
chmod: changing permissions of '/data/cjt/hate/AnyCode-xu-l20/FineTune/experiments/baseline/ihc/Mistral-7B-Instruct-v0.3/class_target_toxic_only/eval/error_summary.json': Operation not permitted
chmod: changing permissions of '/data/cjt/hate/AnyCode-xu-l20/FineTune/experiments/baseline/ihc/Mistral-7B-Instruct-v0.3/class_target_toxic_only/eval/test_metrics.json': Operation not permitted
chmod: changing permissions of '/data/cjt/hate/AnyCode-xu-l20/FineTune/experiments/baseline/ihc/Mistral-7B-Instruct-v0.3/class_target_toxic_only/hate_class_vocab.json': Operation not permitted
chmod: changing permissions of '/data/cjt/hate/AnyCode-xu-l20/FineTune/experiments/baseline/ihc/Mistral-7B-Instruct-v0.3/class_target_toxic_only/tokenizer_config.json': Operation not permitted
chmod: changing permissions of '/data/cjt/hate/AnyCode-xu-l20/FineTune/experiments/baseline/ihc/Mistral-7B-Instruct-v0.3/class_target_toxic_only/trainable_params.json': Operation not permitted
chmod: changing permissions of '/data/cjt/hate/AnyCode-xu-l20/FineTune/experiments/baseline/ihc/Qwen2.5-7B': Operation not permitted
chmod: changing permissions of '/data/cjt/hate/AnyCode-xu-l20/FineTune/experiments/baseline/ihc/Qwen2.5-7B/class': Operation not permitted
chmod: changing permissions of '/data/cjt/hate/AnyCode-xu-l20/FineTune/experiments/baseline/ihc/Qwen2.5-7B/class/README.md': Operation not permitted
chmod: changing permissions of '/data/cjt/hate/AnyCode-xu-l20/FineTune/experiments/baseline/ihc/Qwen2.5-7B/class/adapter_config.json': Operation not permitted
chmod: changing permissions of '/data/cjt/hate/AnyCode-xu-l20/FineTune/experiments/baseline/ihc/Qwen2.5-7B/class/chat_template.jinja': Operation not permitted
chmod: changing permissions of '/data/cjt/hate/AnyCode-xu-l20/FineTune/experiments/baseline/ihc/Qwen2.5-7B/class/eval': Operation not permitted
chmod: changing permissions of '/data/cjt/hate/AnyCode-xu-l20/FineTune/experiments/baseline/ihc/Qwen2.5-7B/class/eval/error_summary.json': Operation not permitted
chmod: changing permissions of '/data/cjt/hate/AnyCode-xu-l20/FineTune/experiments/baseline/ihc/Qwen2.5-7B/class/eval/test_metrics.json': Operation not permitted
chmod: changing permissions of '/data/cjt/hate/AnyCode-xu-l20/FineTune/experiments/baseline/ihc/Qwen2.5-7B/class/tokenizer_config.json': Operation not permitted
chmod: changing permissions of '/data/cjt/hate/AnyCode-xu-l20/FineTune/experiments/baseline/ihc/Qwen2.5-7B/class/trainable_params.json': Operation not permitted
chmod: changing permissions of '/data/cjt/hate/AnyCode-xu-l20/FineTune/experiments/baseline/ihc/Qwen2.5-7B/class/validation_metrics.json': Operation not permitted
chmod: changing permissions of '/data/cjt/hate/AnyCode-xu-l20/FineTune/experiments/baseline/ihc/Qwen2.5-7B/class_hate_class_target_statement_toxic_only': Operation not permitted
chmod: changing permissions of '/data/cjt/hate/AnyCode-xu-l20/FineTune/experiments/baseline/ihc/Qwen2.5-7B/class_hate_class_target_statement_toxic_only/README.md': Operation not permitted
chmod: changing permissions of '/data/cjt/hate/AnyCode-xu-l20/FineTune/experiments/baseline/ihc/Qwen2.5-7B/class_hate_class_target_statement_toxic_only/adapter_config.json': Operation not permitted
chmod: changing permissions of '/data/cjt/hate/AnyCode-xu-l20/FineTune/experiments/baseline/ihc/Qwen2.5-7B/class_hate_class_target_statement_toxic_only/chat_template.jinja': Operation not permitted
chmod: changing permissions of '/data/cjt/hate/AnyCode-xu-l20/FineTune/experiments/baseline/ihc/Qwen2.5-7B/class_hate_class_target_statement_toxic_only/eval': Operation not permitted
chmod: changing permissions of '/data/cjt/hate/AnyCode-xu-l20/FineTune/experiments/baseline/ihc/Qwen2.5-7B/class_hate_class_target_statement_toxic_only/eval/error_summary.json': Operation not permitted
chmod: changing permissions of '/data/cjt/hate/AnyCode-xu-l20/FineTune/experiments/baseline/ihc/Qwen2.5-7B/class_hate_class_target_statement_toxic_only/eval/test_metrics.json': Operation not permitted
chmod: changing permissions of '/data/cjt/hate/AnyCode-xu-l20/FineTune/experiments/baseline/ihc/Qwen2.5-7B/class_hate_class_target_statement_toxic_only/hate_class_vocab.json': Operation not permitted
chmod: changing permissions of '/data/cjt/hate/AnyCode-xu-l20/FineTune/experiments/baseline/ihc/Qwen2.5-7B/class_hate_class_target_statement_toxic_only/tokenizer_config.json': Operation not permitted
chmod: changing permissions of '/data/cjt/hate/AnyCode-xu-l20/FineTune/experiments/baseline/ihc/Qwen2.5-7B/class_hate_class_target_statement_toxic_only/trainable_params.json': Operation not permitted
chmod: changing permissions of '/data/cjt/hate/AnyCode-xu-l20/FineTune/experiments/baseline/ihc/Qwen2.5-7B/class_hate_class_target_toxic_only': Operation not permitted
chmod: changing permissions of '/data/cjt/hate/AnyCode-xu-l20/FineTune/experiments/baseline/ihc/Qwen2.5-7B/class_hate_class_target_toxic_only/README.md': Operation not permitted
chmod: changing permissions of '/data/cjt/hate/AnyCode-xu-l20/FineTune/experiments/baseline/ihc/Qwen2.5-7B/class_hate_class_target_toxic_only/adapter_config.json': Operation not permitted
chmod: changing permissions of '/data/cjt/hate/AnyCode-xu-l20/FineTune/experiments/baseline/ihc/Qwen2.5-7B/class_hate_class_target_toxic_only/chat_template.jinja': Operation not permitted
chmod: changing permissions of '/data/cjt/hate/AnyCode-xu-l20/FineTune/experiments/baseline/ihc/Qwen2.5-7B/class_hate_class_target_toxic_only/eval': Operation not permitted
chmod: changing permissions of '/data/cjt/hate/AnyCode-xu-l20/FineTune/experiments/baseline/ihc/Qwen2.5-7B/class_hate_class_target_toxic_only/eval/error_summary.json': Operation not permitted
chmod: changing permissions of '/data/cjt/hate/AnyCode-xu-l20/FineTune/experiments/baseline/ihc/Qwen2.5-7B/class_hate_class_target_toxic_only/eval/test_metrics.json': Operation not permitted
chmod: changing permissions of '/data/cjt/hate/AnyCode-xu-l20/FineTune/experiments/baseline/ihc/Qwen2.5-7B/class_hate_class_target_toxic_only/hate_class_vocab.json': Operation not permitted
chmod: changing permissions of '/data/cjt/hate/AnyCode-xu-l20/FineTune/experiments/baseline/ihc/Qwen2.5-7B/class_hate_class_target_toxic_only/tokenizer_config.json': Operation not permitted
chmod: changing permissions of '/data/cjt/hate/AnyCode-xu-l20/FineTune/experiments/baseline/ihc/Qwen2.5-7B/class_hate_class_target_toxic_only/trainable_params.json': Operation not permitted
chmod: changing permissions of '/data/cjt/hate/AnyCode-xu-l20/FineTune/experiments/baseline/ihc/Qwen2.5-7B/class_target_toxic_only': Operation not permitted
chmod: changing permissions of '/data/cjt/hate/AnyCode-xu-l20/FineTune/experiments/baseline/ihc/Qwen2.5-7B/class_target_toxic_only/README.md': Operation not permitted
chmod: changing permissions of '/data/cjt/hate/AnyCode-xu-l20/FineTune/experiments/baseline/ihc/Qwen2.5-7B/class_target_toxic_only/adapter_config.json': Operation not permitted
chmod: changing permissions of '/data/cjt/hate/AnyCode-xu-l20/FineTune/experiments/baseline/ihc/Qwen2.5-7B/class_target_toxic_only/chat_template.jinja': Operation not permitted
chmod: changing permissions of '/data/cjt/hate/AnyCode-xu-l20/FineTune/experiments/baseline/ihc/Qwen2.5-7B/class_target_toxic_only/eval': Operation not permitted
chmod: changing permissions of '/data/cjt/hate/AnyCode-xu-l20/FineTune/experiments/baseline/ihc/Qwen2.5-7B/class_target_toxic_only/eval/error_summary.json': Operation not permitted
chmod: changing permissions of '/data/cjt/hate/AnyCode-xu-l20/FineTune/experiments/baseline/ihc/Qwen2.5-7B/class_target_toxic_only/eval/test_metrics.json': Operation not permitted
chmod: changing permissions of '/data/cjt/hate/AnyCode-xu-l20/FineTune/experiments/baseline/ihc/Qwen2.5-7B/class_target_toxic_only/hate_class_vocab.json': Operation not permitted
chmod: changing permissions of '/data/cjt/hate/AnyCode-xu-l20/FineTune/experiments/baseline/ihc/Qwen2.5-7B/class_target_toxic_only/tokenizer_config.json': Operation not permitted
chmod: changing permissions of '/data/cjt/hate/AnyCode-xu-l20/FineTune/experiments/baseline/ihc/Qwen2.5-7B/class_target_toxic_only/trainable_params.json': Operation not permitted
chmod: changing permissions of '/data/cjt/hate/AnyCode-xu-l20/FineTune/experiments/baseline/ihc/Qwen3-4B': Operation not permitted
chmod: changing permissions of '/data/cjt/hate/AnyCode-xu-l20/FineTune/experiments/baseline/ihc/Qwen3-4B/class': Operation not permitted
chmod: changing permissions of '/data/cjt/hate/AnyCode-xu-l20/FineTune/experiments/baseline/ihc/Qwen3-4B/class/README.md': Operation not permitted
chmod: changing permissions of '/data/cjt/hate/AnyCode-xu-l20/FineTune/experiments/baseline/ihc/Qwen3-4B/class/adapter_config.json': Operation not permitted
chmod: changing permissions of '/data/cjt/hate/AnyCode-xu-l20/FineTune/experiments/baseline/ihc/Qwen3-4B/class/chat_template.jinja': Operation not permitted
chmod: changing permissions of '/data/cjt/hate/AnyCode-xu-l20/FineTune/experiments/baseline/ihc/Qwen3-4B/class/eval': Operation not permitted
chmod: changing permissions of '/data/cjt/hate/AnyCode-xu-l20/FineTune/experiments/baseline/ihc/Qwen3-4B/class/eval/error_summary.json': Operation not permitted
chmod: changing permissions of '/data/cjt/hate/AnyCode-xu-l20/FineTune/experiments/baseline/ihc/Qwen3-4B/class/eval/test_metrics.json': Operation not permitted
chmod: changing permissions of '/data/cjt/hate/AnyCode-xu-l20/FineTune/experiments/baseline/ihc/Qwen3-4B/class/hate_class_vocab.json': Operation not permitted
chmod: changing permissions of '/data/cjt/hate/AnyCode-xu-l20/FineTune/experiments/baseline/ihc/Qwen3-4B/class/tokenizer_config.json': Operation not permitted
chmod: changing permissions of '/data/cjt/hate/AnyCode-xu-l20/FineTune/experiments/baseline/ihc/Qwen3-4B/class/trainable_params.json': Operation not permitted
chmod: changing permissions of '/data/cjt/hate/AnyCode-xu-l20/FineTune/experiments/baseline/ihc/Qwen3-4B/class_hate_class_target_statement_toxic_only': Operation not permitted
chmod: changing permissions of '/data/cjt/hate/AnyCode-xu-l20/FineTune/experiments/baseline/ihc/Qwen3-4B/class_hate_class_target_statement_toxic_only/README.md': Operation not permitted
chmod: changing permissions of '/data/cjt/hate/AnyCode-xu-l20/FineTune/experiments/baseline/ihc/Qwen3-4B/class_hate_class_target_statement_toxic_only/adapter_config.json': Operation not permitted
chmod: changing permissions of '/data/cjt/hate/AnyCode-xu-l20/FineTune/experiments/baseline/ihc/Qwen3-4B/class_hate_class_target_statement_toxic_only/chat_template.jinja': Operation not permitted
chmod: changing permissions of '/data/cjt/hate/AnyCode-xu-l20/FineTune/experiments/baseline/ihc/Qwen3-4B/class_hate_class_target_statement_toxic_only/eval': Operation not permitted
chmod: changing permissions of '/data/cjt/hate/AnyCode-xu-l20/FineTune/experiments/baseline/ihc/Qwen3-4B/class_hate_class_target_statement_toxic_only/eval/error_summary.json': Operation not permitted
chmod: changing permissions of '/data/cjt/hate/AnyCode-xu-l20/FineTune/experiments/baseline/ihc/Qwen3-4B/class_hate_class_target_statement_toxic_only/eval/test_metrics.json': Operation not permitted
chmod: changing permissions of '/data/cjt/hate/AnyCode-xu-l20/FineTune/experiments/baseline/ihc/Qwen3-4B/class_hate_class_target_statement_toxic_only/hate_class_vocab.json': Operation not permitted
chmod: changing permissions of '/data/cjt/hate/AnyCode-xu-l20/FineTune/experiments/baseline/ihc/Qwen3-4B/class_hate_class_target_statement_toxic_only/tokenizer_config.json': Operation not permitted
chmod: changing permissions of '/data/cjt/hate/AnyCode-xu-l20/FineTune/experiments/baseline/ihc/Qwen3-4B/class_hate_class_target_statement_toxic_only/trainable_params.json': Operation not permitted
chmod: changing permissions of '/data/cjt/hate/AnyCode-xu-l20/FineTune/experiments/baseline/ihc/Qwen3-4B/class_hate_class_target_toxic_only': Operation not permitted
chmod: changing permissions of '/data/cjt/hate/AnyCode-xu-l20/FineTune/experiments/baseline/ihc/Qwen3-4B/class_hate_class_target_toxic_only/README.md': Operation not permitted
chmod: changing permissions of '/data/cjt/hate/AnyCode-xu-l20/FineTune/experiments/baseline/ihc/Qwen3-4B/class_hate_class_target_toxic_only/adapter_config.json': Operation not permitted
chmod: changing permissions of '/data/cjt/hate/AnyCode-xu-l20/FineTune/experiments/baseline/ihc/Qwen3-4B/class_hate_class_target_toxic_only/chat_template.jinja': Operation not permitted
chmod: changing permissions of '/data/cjt/hate/AnyCode-xu-l20/FineTune/experiments/baseline/ihc/Qwen3-4B/class_hate_class_target_toxic_only/eval': Operation not permitted
chmod: changing permissions of '/data/cjt/hate/AnyCode-xu-l20/FineTune/experiments/baseline/ihc/Qwen3-4B/class_hate_class_target_toxic_only/eval/error_summary.json': Operation not permitted
chmod: changing permissions of '/data/cjt/hate/AnyCode-xu-l20/FineTune/experiments/baseline/ihc/Qwen3-4B/class_hate_class_target_toxic_only/eval/test_metrics.json': Operation not permitted
chmod: changing permissions of '/data/cjt/hate/AnyCode-xu-l20/FineTune/experiments/baseline/ihc/Qwen3-4B/class_hate_class_target_toxic_only/hate_class_vocab.json': Operation not permitted
chmod: changing permissions of '/data/cjt/hate/AnyCode-xu-l20/FineTune/experiments/baseline/ihc/Qwen3-4B/class_hate_class_target_toxic_only/tokenizer_config.json': Operation not permitted
chmod: changing permissions of '/data/cjt/hate/AnyCode-xu-l20/FineTune/experiments/baseline/ihc/Qwen3-4B/class_hate_class_target_toxic_only/trainable_params.json': Operation not permitted
chmod: changing permissions of '/data/cjt/hate/AnyCode-xu-l20/FineTune/experiments/baseline/ihc/Qwen3-4B/class_target_toxic_only': Operation not permitted
chmod: changing permissions of '/data/cjt/hate/AnyCode-xu-l20/FineTune/experiments/baseline/ihc/Qwen3-4B/class_target_toxic_only/README.md': Operation not permitted
chmod: changing permissions of '/data/cjt/hate/AnyCode-xu-l20/FineTune/experiments/baseline/ihc/Qwen3-4B/class_target_toxic_only/adapter_config.json': Operation not permitted
chmod: changing permissions of '/data/cjt/hate/AnyCode-xu-l20/FineTune/experiments/baseline/ihc/Qwen3-4B/class_target_toxic_only/chat_template.jinja': Operation not permitted
chmod: changing permissions of '/data/cjt/hate/AnyCode-xu-l20/FineTune/experiments/baseline/ihc/Qwen3-4B/class_target_toxic_only/eval': Operation not permitted
chmod: changing permissions of '/data/cjt/hate/AnyCode-xu-l20/FineTune/experiments/baseline/ihc/Qwen3-4B/class_target_toxic_only/eval/error_summary.json': Operation not permitted
chmod: changing permissions of '/data/cjt/hate/AnyCode-xu-l20/FineTune/experiments/baseline/ihc/Qwen3-4B/class_target_toxic_only/eval/test_metrics.json': Operation not permitted
chmod: changing permissions of '/data/cjt/hate/AnyCode-xu-l20/FineTune/experiments/baseline/ihc/Qwen3-4B/class_target_toxic_only/hate_class_vocab.json': Operation not permitted
chmod: changing permissions of '/data/cjt/hate/AnyCode-xu-l20/FineTune/experiments/baseline/ihc/Qwen3-4B/class_target_toxic_only/tokenizer_config.json': Operation not permitted
chmod: changing permissions of '/data/cjt/hate/AnyCode-xu-l20/FineTune/experiments/baseline/ihc/Qwen3-4B/class_target_toxic_only/trainable_params.json': Operation not permitted
chmod: changing permissions of '/data/cjt/hate/AnyCode-xu-l20/FineTune/experiments/baseline/ihc/Qwen3-8B': Operation not permitted
chmod: changing permissions of '/data/cjt/hate/AnyCode-xu-l20/FineTune/experiments/baseline/ihc/Qwen3-8B/class': Operation not permitted
chmod: changing permissions of '/data/cjt/hate/AnyCode-xu-l20/FineTune/experiments/baseline/ihc/Qwen3-8B/class/README.md': Operation not permitted
chmod: changing permissions of '/data/cjt/hate/AnyCode-xu-l20/FineTune/experiments/baseline/ihc/Qwen3-8B/class/adapter_config.json': Operation not permitted
chmod: changing permissions of '/data/cjt/hate/AnyCode-xu-l20/FineTune/experiments/baseline/ihc/Qwen3-8B/class/chat_template.jinja': Operation not permitted
chmod: changing permissions of '/data/cjt/hate/AnyCode-xu-l20/FineTune/experiments/baseline/ihc/Qwen3-8B/class/eval': Operation not permitted
chmod: changing permissions of '/data/cjt/hate/AnyCode-xu-l20/FineTune/experiments/baseline/ihc/Qwen3-8B/class/eval/error_summary.json': Operation not permitted
chmod: changing permissions of '/data/cjt/hate/AnyCode-xu-l20/FineTune/experiments/baseline/ihc/Qwen3-8B/class/eval/test_metrics.json': Operation not permitted
chmod: changing permissions of '/data/cjt/hate/AnyCode-xu-l20/FineTune/experiments/baseline/ihc/Qwen3-8B/class/hate_class_vocab.json': Operation not permitted
chmod: changing permissions of '/data/cjt/hate/AnyCode-xu-l20/FineTune/experiments/baseline/ihc/Qwen3-8B/class/tokenizer_config.json': Operation not permitted
chmod: changing permissions of '/data/cjt/hate/AnyCode-xu-l20/FineTune/experiments/baseline/ihc/Qwen3-8B/class/trainable_params.json': Operation not permitted
chmod: changing permissions of '/data/cjt/hate/AnyCode-xu-l20/FineTune/experiments/baseline/ihc/Qwen3-8B/class_hate_class_target_statement_toxic_only': Operation not permitted
chmod: changing permissions of '/data/cjt/hate/AnyCode-xu-l20/FineTune/experiments/baseline/ihc/Qwen3-8B/class_hate_class_target_statement_toxic_only/README.md': Operation not permitted
chmod: changing permissions of '/data/cjt/hate/AnyCode-xu-l20/FineTune/experiments/baseline/ihc/Qwen3-8B/class_hate_class_target_statement_toxic_only/adapter_config.json': Operation not permitted
chmod: changing permissions of '/data/cjt/hate/AnyCode-xu-l20/FineTune/experiments/baseline/ihc/Qwen3-8B/class_hate_class_target_statement_toxic_only/chat_template.jinja': Operation not permitted
chmod: changing permissions of '/data/cjt/hate/AnyCode-xu-l20/FineTune/experiments/baseline/ihc/Qwen3-8B/class_hate_class_target_statement_toxic_only/eval': Operation not permitted
chmod: changing permissions of '/data/cjt/hate/AnyCode-xu-l20/FineTune/experiments/baseline/ihc/Qwen3-8B/class_hate_class_target_statement_toxic_only/eval/error_summary.json': Operation not permitted
chmod: changing permissions of '/data/cjt/hate/AnyCode-xu-l20/FineTune/experiments/baseline/ihc/Qwen3-8B/class_hate_class_target_statement_toxic_only/eval/test_metrics.json': Operation not permitted
chmod: changing permissions of '/data/cjt/hate/AnyCode-xu-l20/FineTune/experiments/baseline/ihc/Qwen3-8B/class_hate_class_target_statement_toxic_only/hate_class_vocab.json': Operation not permitted
chmod: changing permissions of '/data/cjt/hate/AnyCode-xu-l20/FineTune/experiments/baseline/ihc/Qwen3-8B/class_hate_class_target_statement_toxic_only/tokenizer_config.json': Operation not permitted
chmod: changing permissions of '/data/cjt/hate/AnyCode-xu-l20/FineTune/experiments/baseline/ihc/Qwen3-8B/class_hate_class_target_statement_toxic_only/trainable_params.json': Operation not permitted
chmod: changing permissions of '/data/cjt/hate/AnyCode-xu-l20/FineTune/experiments/baseline/ihc/Qwen3-8B/class_hate_class_target_toxic_only': Operation not permitted
chmod: changing permissions of '/data/cjt/hate/AnyCode-xu-l20/FineTune/experiments/baseline/ihc/Qwen3-8B/class_hate_class_target_toxic_only/README.md': Operation not permitted
chmod: changing permissions of '/data/cjt/hate/AnyCode-xu-l20/FineTune/experiments/baseline/ihc/Qwen3-8B/class_hate_class_target_toxic_only/adapter_config.json': Operation not permitted
chmod: changing permissions of '/data/cjt/hate/AnyCode-xu-l20/FineTune/experiments/baseline/ihc/Qwen3-8B/class_hate_class_target_toxic_only/chat_template.jinja': Operation not permitted
chmod: changing permissions of '/data/cjt/hate/AnyCode-xu-l20/FineTune/experiments/baseline/ihc/Qwen3-8B/class_hate_class_target_toxic_only/eval': Operation not permitted
chmod: changing permissions of '/data/cjt/hate/AnyCode-xu-l20/FineTune/experiments/baseline/ihc/Qwen3-8B/class_hate_class_target_toxic_only/eval/error_summary.json': Operation not permitted
chmod: changing permissions of '/data/cjt/hate/AnyCode-xu-l20/FineTune/experiments/baseline/ihc/Qwen3-8B/class_hate_class_target_toxic_only/eval/test_metrics.json': Operation not permitted
chmod: changing permissions of '/data/cjt/hate/AnyCode-xu-l20/FineTune/experiments/baseline/ihc/Qwen3-8B/class_hate_class_target_toxic_only/hate_class_vocab.json': Operation not permitted
chmod: changing permissions of '/data/cjt/hate/AnyCode-xu-l20/FineTune/experiments/baseline/ihc/Qwen3-8B/class_hate_class_target_toxic_only/tokenizer_config.json': Operation not permitted
chmod: changing permissions of '/data/cjt/hate/AnyCode-xu-l20/FineTune/experiments/baseline/ihc/Qwen3-8B/class_hate_class_target_toxic_only/trainable_params.json': Operation not permitted
chmod: changing permissions of '/data/cjt/hate/AnyCode-xu-l20/FineTune/experiments/baseline/ihc/Qwen3-8B/class_target_toxic_only': Operation not permitted
chmod: changing permissions of '/data/cjt/hate/AnyCode-xu-l20/FineTune/experiments/baseline/ihc/Qwen3-8B/class_target_toxic_only/README.md': Operation not permitted
chmod: changing permissions of '/data/cjt/hate/AnyCode-xu-l20/FineTune/experiments/baseline/ihc/Qwen3-8B/class_target_toxic_only/adapter_config.json': Operation not permitted
chmod: changing permissions of '/data/cjt/hate/AnyCode-xu-l20/FineTune/experiments/baseline/ihc/Qwen3-8B/class_target_toxic_only/chat_template.jinja': Operation not permitted
chmod: changing permissions of '/data/cjt/hate/AnyCode-xu-l20/FineTune/experiments/baseline/ihc/Qwen3-8B/class_target_toxic_only/eval': Operation not permitted
chmod: changing permissions of '/data/cjt/hate/AnyCode-xu-l20/FineTune/experiments/baseline/ihc/Qwen3-8B/class_target_toxic_only/eval/error_summary.json': Operation not permitted
chmod: changing permissions of '/data/cjt/hate/AnyCode-xu-l20/FineTune/experiments/baseline/ihc/Qwen3-8B/class_target_toxic_only/eval/test_metrics.json': Operation not permitted
chmod: changing permissions of '/data/cjt/hate/AnyCode-xu-l20/FineTune/experiments/baseline/ihc/Qwen3-8B/class_target_toxic_only/hate_class_vocab.json': Operation not permitted
chmod: changing permissions of '/data/cjt/hate/AnyCode-xu-l20/FineTune/experiments/baseline/ihc/Qwen3-8B/class_target_toxic_only/tokenizer_config.json': Operation not permitted
chmod: changing permissions of '/data/cjt/hate/AnyCode-xu-l20/FineTune/experiments/baseline/ihc/Qwen3-8B/class_target_toxic_only/trainable_params.json': Operation not permitted
chmod: changing permissions of '/data/cjt/hate/AnyCode-xu-l20/FineTune/experiments/baseline/sbic': Operation not permitted
chmod: changing permissions of '/data/cjt/hate/AnyCode-xu-l20/FineTune/experiments/baseline/sbic/Mistral-7B-Instruct-v0.3': Operation not permitted
chmod: changing permissions of '/data/cjt/hate/AnyCode-xu-l20/FineTune/experiments/baseline/sbic/Mistral-7B-Instruct-v0.3/class': Operation not permitted
chmod: changing permissions of '/data/cjt/hate/AnyCode-xu-l20/FineTune/experiments/baseline/sbic/Mistral-7B-Instruct-v0.3/class/README.md': Operation not permitted
chmod: changing permissions of '/data/cjt/hate/AnyCode-xu-l20/FineTune/experiments/baseline/sbic/Mistral-7B-Instruct-v0.3/class/adapter_config.json': Operation not permitted
chmod: changing permissions of '/data/cjt/hate/AnyCode-xu-l20/FineTune/experiments/baseline/sbic/Mistral-7B-Instruct-v0.3/class/chat_template.jinja': Operation not permitted
chmod: changing permissions of '/data/cjt/hate/AnyCode-xu-l20/FineTune/experiments/baseline/sbic/Mistral-7B-Instruct-v0.3/class/eval': Operation not permitted
chmod: changing permissions of '/data/cjt/hate/AnyCode-xu-l20/FineTune/experiments/baseline/sbic/Mistral-7B-Instruct-v0.3/class/eval/error_summary.json': Operation not permitted
chmod: changing permissions of '/data/cjt/hate/AnyCode-xu-l20/FineTune/experiments/baseline/sbic/Mistral-7B-Instruct-v0.3/class/eval/test_metrics.json': Operation not permitted
chmod: changing permissions of '/data/cjt/hate/AnyCode-xu-l20/FineTune/experiments/baseline/sbic/Mistral-7B-Instruct-v0.3/class/hate_class_vocab.json': Operation not permitted
chmod: changing permissions of '/data/cjt/hate/AnyCode-xu-l20/FineTune/experiments/baseline/sbic/Mistral-7B-Instruct-v0.3/class/tokenizer_config.json': Operation not permitted
chmod: changing permissions of '/data/cjt/hate/AnyCode-xu-l20/FineTune/experiments/baseline/sbic/Mistral-7B-Instruct-v0.3/class/trainable_params.json': Operation not permitted
chmod: changing permissions of '/data/cjt/hate/AnyCode-xu-l20/FineTune/experiments/baseline/sbic/Mistral-7B-Instruct-v0.3/class_hate_class_target_statement_toxic_only': Operation not permitted
chmod: changing permissions of '/data/cjt/hate/AnyCode-xu-l20/FineTune/experiments/baseline/sbic/Mistral-7B-Instruct-v0.3/class_hate_class_target_statement_toxic_only/README.md': Operation not permitted
chmod: changing permissions of '/data/cjt/hate/AnyCode-xu-l20/FineTune/experiments/baseline/sbic/Mistral-7B-Instruct-v0.3/class_hate_class_target_statement_toxic_only/adapter_config.json': Operation not permitted
chmod: changing permissions of '/data/cjt/hate/AnyCode-xu-l20/FineTune/experiments/baseline/sbic/Mistral-7B-Instruct-v0.3/class_hate_class_target_statement_toxic_only/chat_template.jinja': Operation not permitted
chmod: changing permissions of '/data/cjt/hate/AnyCode-xu-l20/FineTune/experiments/baseline/sbic/Mistral-7B-Instruct-v0.3/class_hate_class_target_statement_toxic_only/eval': Operation not permitted
chmod: changing permissions of '/data/cjt/hate/AnyCode-xu-l20/FineTune/experiments/baseline/sbic/Mistral-7B-Instruct-v0.3/class_hate_class_target_statement_toxic_only/eval/error_summary.json': Operation not permitted
chmod: changing permissions of '/data/cjt/hate/AnyCode-xu-l20/FineTune/experiments/baseline/sbic/Mistral-7B-Instruct-v0.3/class_hate_class_target_statement_toxic_only/eval/test_metrics.json': Operation not permitted
chmod: changing permissions of '/data/cjt/hate/AnyCode-xu-l20/FineTune/experiments/baseline/sbic/Mistral-7B-Instruct-v0.3/class_hate_class_target_statement_toxic_only/hate_class_vocab.json': Operation not permitted
chmod: changing permissions of '/data/cjt/hate/AnyCode-xu-l20/FineTune/experiments/baseline/sbic/Mistral-7B-Instruct-v0.3/class_hate_class_target_statement_toxic_only/tokenizer_config.json': Operation not permitted
chmod: changing permissions of '/data/cjt/hate/AnyCode-xu-l20/FineTune/experiments/baseline/sbic/Mistral-7B-Instruct-v0.3/class_hate_class_target_statement_toxic_only/trainable_params.json': Operation not permitted
chmod: changing permissions of '/data/cjt/hate/AnyCode-xu-l20/FineTune/experiments/baseline/sbic/Mistral-7B-Instruct-v0.3/class_hate_class_target_toxic_only': Operation not permitted
chmod: changing permissions of '/data/cjt/hate/AnyCode-xu-l20/FineTune/experiments/baseline/sbic/Mistral-7B-Instruct-v0.3/class_hate_class_target_toxic_only/README.md': Operation not permitted
chmod: changing permissions of '/data/cjt/hate/AnyCode-xu-l20/FineTune/experiments/baseline/sbic/Mistral-7B-Instruct-v0.3/class_hate_class_target_toxic_only/adapter_config.json': Operation not permitted
chmod: changing permissions of '/data/cjt/hate/AnyCode-xu-l20/FineTune/experiments/baseline/sbic/Mistral-7B-Instruct-v0.3/class_hate_class_target_toxic_only/chat_template.jinja': Operation not permitted
chmod: changing permissions of '/data/cjt/hate/AnyCode-xu-l20/FineTune/experiments/baseline/sbic/Mistral-7B-Instruct-v0.3/class_hate_class_target_toxic_only/eval': Operation not permitted
chmod: changing permissions of '/data/cjt/hate/AnyCode-xu-l20/FineTune/experiments/baseline/sbic/Mistral-7B-Instruct-v0.3/class_hate_class_target_toxic_only/eval/error_summary.json': Operation not permitted
chmod: changing permissions of '/data/cjt/hate/AnyCode-xu-l20/FineTune/experiments/baseline/sbic/Mistral-7B-Instruct-v0.3/class_hate_class_target_toxic_only/eval/test_metrics.json': Operation not permitted
chmod: changing permissions of '/data/cjt/hate/AnyCode-xu-l20/FineTune/experiments/baseline/sbic/Mistral-7B-Instruct-v0.3/class_hate_class_target_toxic_only/hate_class_vocab.json': Operation not permitted
chmod: changing permissions of '/data/cjt/hate/AnyCode-xu-l20/FineTune/experiments/baseline/sbic/Mistral-7B-Instruct-v0.3/class_hate_class_target_toxic_only/tokenizer_config.json': Operation not permitted
chmod: changing permissions of '/data/cjt/hate/AnyCode-xu-l20/FineTune/experiments/baseline/sbic/Mistral-7B-Instruct-v0.3/class_hate_class_target_toxic_only/trainable_params.json': Operation not permitted
chmod: changing permissions of '/data/cjt/hate/AnyCode-xu-l20/FineTune/experiments/baseline/sbic/Mistral-7B-Instruct-v0.3/class_target_toxic_only': Operation not permitted
chmod: changing permissions of '/data/cjt/hate/AnyCode-xu-l20/FineTune/experiments/baseline/sbic/Mistral-7B-Instruct-v0.3/class_target_toxic_only/README.md': Operation not permitted
chmod: changing permissions of '/data/cjt/hate/AnyCode-xu-l20/FineTune/experiments/baseline/sbic/Mistral-7B-Instruct-v0.3/class_target_toxic_only/adapter_config.json': Operation not permitted
chmod: changing permissions of '/data/cjt/hate/AnyCode-xu-l20/FineTune/experiments/baseline/sbic/Mistral-7B-Instruct-v0.3/class_target_toxic_only/chat_template.jinja': Operation not permitted
chmod: changing permissions of '/data/cjt/hate/AnyCode-xu-l20/FineTune/experiments/baseline/sbic/Mistral-7B-Instruct-v0.3/class_target_toxic_only/eval': Operation not permitted
chmod: changing permissions of '/data/cjt/hate/AnyCode-xu-l20/FineTune/experiments/baseline/sbic/Mistral-7B-Instruct-v0.3/class_target_toxic_only/eval/error_summary.json': Operation not permitted
chmod: changing permissions of '/data/cjt/hate/AnyCode-xu-l20/FineTune/experiments/baseline/sbic/Mistral-7B-Instruct-v0.3/class_target_toxic_only/eval/test_metrics.json': Operation not permitted
chmod: changing permissions of '/data/cjt/hate/AnyCode-xu-l20/FineTune/experiments/baseline/sbic/Mistral-7B-Instruct-v0.3/class_target_toxic_only/hate_class_vocab.json': Operation not permitted
chmod: changing permissions of '/data/cjt/hate/AnyCode-xu-l20/FineTune/experiments/baseline/sbic/Mistral-7B-Instruct-v0.3/class_target_toxic_only/tokenizer_config.json': Operation not permitted
chmod: changing permissions of '/data/cjt/hate/AnyCode-xu-l20/FineTune/experiments/baseline/sbic/Mistral-7B-Instruct-v0.3/class_target_toxic_only/trainable_params.json': Operation not permitted
chmod: changing permissions of '/data/cjt/hate/AnyCode-xu-l20/FineTune/experiments/baseline/sbic/Qwen2.5-7B': Operation not permitted
chmod: changing permissions of '/data/cjt/hate/AnyCode-xu-l20/FineTune/experiments/baseline/sbic/Qwen2.5-7B/class': Operation not permitted
chmod: changing permissions of '/data/cjt/hate/AnyCode-xu-l20/FineTune/experiments/baseline/sbic/Qwen2.5-7B/class/README.md': Operation not permitted
chmod: changing permissions of '/data/cjt/hate/AnyCode-xu-l20/FineTune/experiments/baseline/sbic/Qwen2.5-7B/class/adapter_config.json': Operation not permitted
chmod: changing permissions of '/data/cjt/hate/AnyCode-xu-l20/FineTune/experiments/baseline/sbic/Qwen2.5-7B/class/chat_template.jinja': Operation not permitted
chmod: changing permissions of '/data/cjt/hate/AnyCode-xu-l20/FineTune/experiments/baseline/sbic/Qwen2.5-7B/class/eval': Operation not permitted
chmod: changing permissions of '/data/cjt/hate/AnyCode-xu-l20/FineTune/experiments/baseline/sbic/Qwen2.5-7B/class/eval/error_summary.json': Operation not permitted
chmod: changing permissions of '/data/cjt/hate/AnyCode-xu-l20/FineTune/experiments/baseline/sbic/Qwen2.5-7B/class/eval/test_metrics.json': Operation not permitted
chmod: changing permissions of '/data/cjt/hate/AnyCode-xu-l20/FineTune/experiments/baseline/sbic/Qwen2.5-7B/class/hate_class_vocab.json': Operation not permitted
chmod: changing permissions of '/data/cjt/hate/AnyCode-xu-l20/FineTune/experiments/baseline/sbic/Qwen2.5-7B/class/tokenizer_config.json': Operation not permitted
chmod: changing permissions of '/data/cjt/hate/AnyCode-xu-l20/FineTune/experiments/baseline/sbic/Qwen2.5-7B/class/trainable_params.json': Operation not permitted
chmod: changing permissions of '/data/cjt/hate/AnyCode-xu-l20/FineTune/experiments/baseline/sbic/Qwen2.5-7B/class_hate_class_target_statement_toxic_only': Operation not permitted
chmod: changing permissions of '/data/cjt/hate/AnyCode-xu-l20/FineTune/experiments/baseline/sbic/Qwen2.5-7B/class_hate_class_target_statement_toxic_only/README.md': Operation not permitted
chmod: changing permissions of '/data/cjt/hate/AnyCode-xu-l20/FineTune/experiments/baseline/sbic/Qwen2.5-7B/class_hate_class_target_statement_toxic_only/adapter_config.json': Operation not permitted
chmod: changing permissions of '/data/cjt/hate/AnyCode-xu-l20/FineTune/experiments/baseline/sbic/Qwen2.5-7B/class_hate_class_target_statement_toxic_only/chat_template.jinja': Operation not permitted
chmod: changing permissions of '/data/cjt/hate/AnyCode-xu-l20/FineTune/experiments/baseline/sbic/Qwen2.5-7B/class_hate_class_target_statement_toxic_only/eval': Operation not permitted
chmod: changing permissions of '/data/cjt/hate/AnyCode-xu-l20/FineTune/experiments/baseline/sbic/Qwen2.5-7B/class_hate_class_target_statement_toxic_only/eval/error_summary.json': Operation not permitted
chmod: changing permissions of '/data/cjt/hate/AnyCode-xu-l20/FineTune/experiments/baseline/sbic/Qwen2.5-7B/class_hate_class_target_statement_toxic_only/eval/test_metrics.json': Operation not permitted
chmod: changing permissions of '/data/cjt/hate/AnyCode-xu-l20/FineTune/experiments/baseline/sbic/Qwen2.5-7B/class_hate_class_target_statement_toxic_only/hate_class_vocab.json': Operation not permitted
chmod: changing permissions of '/data/cjt/hate/AnyCode-xu-l20/FineTune/experiments/baseline/sbic/Qwen2.5-7B/class_hate_class_target_statement_toxic_only/tokenizer_config.json': Operation not permitted
chmod: changing permissions of '/data/cjt/hate/AnyCode-xu-l20/FineTune/experiments/baseline/sbic/Qwen2.5-7B/class_hate_class_target_statement_toxic_only/trainable_params.json': Operation not permitted
chmod: changing permissions of '/data/cjt/hate/AnyCode-xu-l20/FineTune/experiments/baseline/sbic/Qwen2.5-7B/class_hate_class_target_toxic_only': Operation not permitted
chmod: changing permissions of '/data/cjt/hate/AnyCode-xu-l20/FineTune/experiments/baseline/sbic/Qwen2.5-7B/class_hate_class_target_toxic_only/README.md': Operation not permitted
chmod: changing permissions of '/data/cjt/hate/AnyCode-xu-l20/FineTune/experiments/baseline/sbic/Qwen2.5-7B/class_hate_class_target_toxic_only/adapter_config.json': Operation not permitted
chmod: changing permissions of '/data/cjt/hate/AnyCode-xu-l20/FineTune/experiments/baseline/sbic/Qwen2.5-7B/class_hate_class_target_toxic_only/chat_template.jinja': Operation not permitted
chmod: changing permissions of '/data/cjt/hate/AnyCode-xu-l20/FineTune/experiments/baseline/sbic/Qwen2.5-7B/class_hate_class_target_toxic_only/eval': Operation not permitted
chmod: changing permissions of '/data/cjt/hate/AnyCode-xu-l20/FineTune/experiments/baseline/sbic/Qwen2.5-7B/class_hate_class_target_toxic_only/eval/error_summary.json': Operation not permitted
chmod: changing permissions of '/data/cjt/hate/AnyCode-xu-l20/FineTune/experiments/baseline/sbic/Qwen2.5-7B/class_hate_class_target_toxic_only/eval/test_metrics.json': Operation not permitted
chmod: changing permissions of '/data/cjt/hate/AnyCode-xu-l20/FineTune/experiments/baseline/sbic/Qwen2.5-7B/class_hate_class_target_toxic_only/hate_class_vocab.json': Operation not permitted
chmod: changing permissions of '/data/cjt/hate/AnyCode-xu-l20/FineTune/experiments/baseline/sbic/Qwen2.5-7B/class_hate_class_target_toxic_only/tokenizer_config.json': Operation not permitted
chmod: changing permissions of '/data/cjt/hate/AnyCode-xu-l20/FineTune/experiments/baseline/sbic/Qwen2.5-7B/class_hate_class_target_toxic_only/trainable_params.json': Operation not permitted
chmod: changing permissions of '/data/cjt/hate/AnyCode-xu-l20/FineTune/experiments/baseline/sbic/Qwen2.5-7B/class_target_toxic_only': Operation not permitted
chmod: changing permissions of '/data/cjt/hate/AnyCode-xu-l20/FineTune/experiments/baseline/sbic/Qwen2.5-7B/class_target_toxic_only/README.md': Operation not permitted
chmod: changing permissions of '/data/cjt/hate/AnyCode-xu-l20/FineTune/experiments/baseline/sbic/Qwen2.5-7B/class_target_toxic_only/adapter_config.json': Operation not permitted
chmod: changing permissions of '/data/cjt/hate/AnyCode-xu-l20/FineTune/experiments/baseline/sbic/Qwen2.5-7B/class_target_toxic_only/chat_template.jinja': Operation not permitted
chmod: changing permissions of '/data/cjt/hate/AnyCode-xu-l20/FineTune/experiments/baseline/sbic/Qwen2.5-7B/class_target_toxic_only/eval': Operation not permitted
chmod: changing permissions of '/data/cjt/hate/AnyCode-xu-l20/FineTune/experiments/baseline/sbic/Qwen2.5-7B/class_target_toxic_only/eval/error_summary.json': Operation not permitted
chmod: changing permissions of '/data/cjt/hate/AnyCode-xu-l20/FineTune/experiments/baseline/sbic/Qwen2.5-7B/class_target_toxic_only/eval/test_metrics.json': Operation not permitted
chmod: changing permissions of '/data/cjt/hate/AnyCode-xu-l20/FineTune/experiments/baseline/sbic/Qwen2.5-7B/class_target_toxic_only/hate_class_vocab.json': Operation not permitted
chmod: changing permissions of '/data/cjt/hate/AnyCode-xu-l20/FineTune/experiments/baseline/sbic/Qwen2.5-7B/class_target_toxic_only/tokenizer_config.json': Operation not permitted
chmod: changing permissions of '/data/cjt/hate/AnyCode-xu-l20/FineTune/experiments/baseline/sbic/Qwen2.5-7B/class_target_toxic_only/trainable_params.json': Operation not permitted
chmod: changing permissions of '/data/cjt/hate/AnyCode-xu-l20/FineTune/experiments/baseline/sbic/Qwen3-4B': Operation not permitted
chmod: changing permissions of '/data/cjt/hate/AnyCode-xu-l20/FineTune/experiments/baseline/sbic/Qwen3-4B/class': Operation not permitted
chmod: changing permissions of '/data/cjt/hate/AnyCode-xu-l20/FineTune/experiments/baseline/sbic/Qwen3-4B/class/README.md': Operation not permitted
chmod: changing permissions of '/data/cjt/hate/AnyCode-xu-l20/FineTune/experiments/baseline/sbic/Qwen3-4B/class/adapter_config.json': Operation not permitted
chmod: changing permissions of '/data/cjt/hate/AnyCode-xu-l20/FineTune/experiments/baseline/sbic/Qwen3-4B/class/chat_template.jinja': Operation not permitted
chmod: changing permissions of '/data/cjt/hate/AnyCode-xu-l20/FineTune/experiments/baseline/sbic/Qwen3-4B/class/eval': Operation not permitted
chmod: changing permissions of '/data/cjt/hate/AnyCode-xu-l20/FineTune/experiments/baseline/sbic/Qwen3-4B/class/eval/error_summary.json': Operation not permitted
chmod: changing permissions of '/data/cjt/hate/AnyCode-xu-l20/FineTune/experiments/baseline/sbic/Qwen3-4B/class/eval/test_metrics.json': Operation not permitted
chmod: changing permissions of '/data/cjt/hate/AnyCode-xu-l20/FineTune/experiments/baseline/sbic/Qwen3-4B/class/hate_class_vocab.json': Operation not permitted
chmod: changing permissions of '/data/cjt/hate/AnyCode-xu-l20/FineTune/experiments/baseline/sbic/Qwen3-4B/class/tokenizer_config.json': Operation not permitted
chmod: changing permissions of '/data/cjt/hate/AnyCode-xu-l20/FineTune/experiments/baseline/sbic/Qwen3-4B/class/trainable_params.json': Operation not permitted
chmod: changing permissions of '/data/cjt/hate/AnyCode-xu-l20/FineTune/experiments/baseline/sbic/Qwen3-4B/class_hate_class_target_statement_toxic_only': Operation not permitted
chmod: changing permissions of '/data/cjt/hate/AnyCode-xu-l20/FineTune/experiments/baseline/sbic/Qwen3-4B/class_hate_class_target_statement_toxic_only/README.md': Operation not permitted
chmod: changing permissions of '/data/cjt/hate/AnyCode-xu-l20/FineTune/experiments/baseline/sbic/Qwen3-4B/class_hate_class_target_statement_toxic_only/adapter_config.json': Operation not permitted
chmod: changing permissions of '/data/cjt/hate/AnyCode-xu-l20/FineTune/experiments/baseline/sbic/Qwen3-4B/class_hate_class_target_statement_toxic_only/chat_template.jinja': Operation not permitted
chmod: changing permissions of '/data/cjt/hate/AnyCode-xu-l20/FineTune/experiments/baseline/sbic/Qwen3-4B/class_hate_class_target_statement_toxic_only/eval': Operation not permitted
chmod: changing permissions of '/data/cjt/hate/AnyCode-xu-l20/FineTune/experiments/baseline/sbic/Qwen3-4B/class_hate_class_target_statement_toxic_only/eval/error_summary.json': Operation not permitted
chmod: changing permissions of '/data/cjt/hate/AnyCode-xu-l20/FineTune/experiments/baseline/sbic/Qwen3-4B/class_hate_class_target_statement_toxic_only/eval/test_metrics.json': Operation not permitted
chmod: changing permissions of '/data/cjt/hate/AnyCode-xu-l20/FineTune/experiments/baseline/sbic/Qwen3-4B/class_hate_class_target_statement_toxic_only/hate_class_vocab.json': Operation not permitted
chmod: changing permissions of '/data/cjt/hate/AnyCode-xu-l20/FineTune/experiments/baseline/sbic/Qwen3-4B/class_hate_class_target_statement_toxic_only/tokenizer_config.json': Operation not permitted
chmod: changing permissions of '/data/cjt/hate/AnyCode-xu-l20/FineTune/experiments/baseline/sbic/Qwen3-4B/class_hate_class_target_statement_toxic_only/trainable_params.json': Operation not permitted
chmod: changing permissions of '/data/cjt/hate/AnyCode-xu-l20/FineTune/experiments/baseline/sbic/Qwen3-4B/class_hate_class_target_toxic_only': Operation not permitted
chmod: changing permissions of '/data/cjt/hate/AnyCode-xu-l20/FineTune/experiments/baseline/sbic/Qwen3-4B/class_hate_class_target_toxic_only/README.md': Operation not permitted
chmod: changing permissions of '/data/cjt/hate/AnyCode-xu-l20/FineTune/experiments/baseline/sbic/Qwen3-4B/class_hate_class_target_toxic_only/adapter_config.json': Operation not permitted
chmod: changing permissions of '/data/cjt/hate/AnyCode-xu-l20/FineTune/experiments/baseline/sbic/Qwen3-4B/class_hate_class_target_toxic_only/chat_template.jinja': Operation not permitted
chmod: changing permissions of '/data/cjt/hate/AnyCode-xu-l20/FineTune/experiments/baseline/sbic/Qwen3-4B/class_hate_class_target_toxic_only/eval': Operation not permitted
chmod: changing permissions of '/data/cjt/hate/AnyCode-xu-l20/FineTune/experiments/baseline/sbic/Qwen3-4B/class_hate_class_target_toxic_only/eval/error_summary.json': Operation not permitted
chmod: changing permissions of '/data/cjt/hate/AnyCode-xu-l20/FineTune/experiments/baseline/sbic/Qwen3-4B/class_hate_class_target_toxic_only/eval/test_metrics.json': Operation not permitted
chmod: changing permissions of '/data/cjt/hate/AnyCode-xu-l20/FineTune/experiments/baseline/sbic/Qwen3-4B/class_hate_class_target_toxic_only/hate_class_vocab.json': Operation not permitted
chmod: changing permissions of '/data/cjt/hate/AnyCode-xu-l20/FineTune/experiments/baseline/sbic/Qwen3-4B/class_hate_class_target_toxic_only/tokenizer_config.json': Operation not permitted
chmod: changing permissions of '/data/cjt/hate/AnyCode-xu-l20/FineTune/experiments/baseline/sbic/Qwen3-4B/class_hate_class_target_toxic_only/trainable_params.json': Operation not permitted
chmod: changing permissions of '/data/cjt/hate/AnyCode-xu-l20/FineTune/experiments/baseline/sbic/Qwen3-4B/class_target_toxic_only': Operation not permitted
chmod: changing permissions of '/data/cjt/hate/AnyCode-xu-l20/FineTune/experiments/baseline/sbic/Qwen3-4B/class_target_toxic_only/README.md': Operation not permitted
chmod: changing permissions of '/data/cjt/hate/AnyCode-xu-l20/FineTune/experiments/baseline/sbic/Qwen3-4B/class_target_toxic_only/adapter_config.json': Operation not permitted
chmod: changing permissions of '/data/cjt/hate/AnyCode-xu-l20/FineTune/experiments/baseline/sbic/Qwen3-4B/class_target_toxic_only/chat_template.jinja': Operation not permitted
chmod: changing permissions of '/data/cjt/hate/AnyCode-xu-l20/FineTune/experiments/baseline/sbic/Qwen3-4B/class_target_toxic_only/eval': Operation not permitted
chmod: changing permissions of '/data/cjt/hate/AnyCode-xu-l20/FineTune/experiments/baseline/sbic/Qwen3-4B/class_target_toxic_only/eval/error_summary.json': Operation not permitted
chmod: changing permissions of '/data/cjt/hate/AnyCode-xu-l20/FineTune/experiments/baseline/sbic/Qwen3-4B/class_target_toxic_only/eval/test_metrics.json': Operation not permitted
chmod: changing permissions of '/data/cjt/hate/AnyCode-xu-l20/FineTune/experiments/baseline/sbic/Qwen3-4B/class_target_toxic_only/hate_class_vocab.json': Operation not permitted
chmod: changing permissions of '/data/cjt/hate/AnyCode-xu-l20/FineTune/experiments/baseline/sbic/Qwen3-4B/class_target_toxic_only/tokenizer_config.json': Operation not permitted
chmod: changing permissions of '/data/cjt/hate/AnyCode-xu-l20/FineTune/experiments/baseline/sbic/Qwen3-4B/class_target_toxic_only/trainable_params.json': Operation not permitted
chmod: changing permissions of '/data/cjt/hate/AnyCode-xu-l20/FineTune/experiments/baseline/sbic/Qwen3-8B': Operation not permitted
chmod: changing permissions of '/data/cjt/hate/AnyCode-xu-l20/FineTune/experiments/baseline/sbic/Qwen3-8B/class': Operation not permitted
chmod: changing permissions of '/data/cjt/hate/AnyCode-xu-l20/FineTune/experiments/baseline/sbic/Qwen3-8B/class/README.md': Operation not permitted
chmod: changing permissions of '/data/cjt/hate/AnyCode-xu-l20/FineTune/experiments/baseline/sbic/Qwen3-8B/class/adapter_config.json': Operation not permitted
chmod: changing permissions of '/data/cjt/hate/AnyCode-xu-l20/FineTune/experiments/baseline/sbic/Qwen3-8B/class/chat_template.jinja': Operation not permitted
chmod: changing permissions of '/data/cjt/hate/AnyCode-xu-l20/FineTune/experiments/baseline/sbic/Qwen3-8B/class/eval': Operation not permitted
chmod: changing permissions of '/data/cjt/hate/AnyCode-xu-l20/FineTune/experiments/baseline/sbic/Qwen3-8B/class/eval/error_summary.json': Operation not permitted
chmod: changing permissions of '/data/cjt/hate/AnyCode-xu-l20/FineTune/experiments/baseline/sbic/Qwen3-8B/class/eval/test_metrics.json': Operation not permitted
chmod: changing permissions of '/data/cjt/hate/AnyCode-xu-l20/FineTune/experiments/baseline/sbic/Qwen3-8B/class/hate_class_vocab.json': Operation not permitted
chmod: changing permissions of '/data/cjt/hate/AnyCode-xu-l20/FineTune/experiments/baseline/sbic/Qwen3-8B/class/tokenizer_config.json': Operation not permitted
chmod: changing permissions of '/data/cjt/hate/AnyCode-xu-l20/FineTune/experiments/baseline/sbic/Qwen3-8B/class/trainable_params.json': Operation not permitted
chmod: changing permissions of '/data/cjt/hate/AnyCode-xu-l20/FineTune/experiments/baseline/sbic/Qwen3-8B/class_hate_class_target_statement_toxic_only': Operation not permitted
chmod: changing permissions of '/data/cjt/hate/AnyCode-xu-l20/FineTune/experiments/baseline/sbic/Qwen3-8B/class_hate_class_target_statement_toxic_only/README.md': Operation not permitted
chmod: changing permissions of '/data/cjt/hate/AnyCode-xu-l20/FineTune/experiments/baseline/sbic/Qwen3-8B/class_hate_class_target_statement_toxic_only/adapter_config.json': Operation not permitted
chmod: changing permissions of '/data/cjt/hate/AnyCode-xu-l20/FineTune/experiments/baseline/sbic/Qwen3-8B/class_hate_class_target_statement_toxic_only/chat_template.jinja': Operation not permitted
chmod: changing permissions of '/data/cjt/hate/AnyCode-xu-l20/FineTune/experiments/baseline/sbic/Qwen3-8B/class_hate_class_target_statement_toxic_only/eval': Operation not permitted
chmod: changing permissions of '/data/cjt/hate/AnyCode-xu-l20/FineTune/experiments/baseline/sbic/Qwen3-8B/class_hate_class_target_statement_toxic_only/eval/error_summary.json': Operation not permitted
chmod: changing permissions of '/data/cjt/hate/AnyCode-xu-l20/FineTune/experiments/baseline/sbic/Qwen3-8B/class_hate_class_target_statement_toxic_only/eval/test_metrics.json': Operation not permitted
chmod: changing permissions of '/data/cjt/hate/AnyCode-xu-l20/FineTune/experiments/baseline/sbic/Qwen3-8B/class_hate_class_target_statement_toxic_only/hate_class_vocab.json': Operation not permitted
chmod: changing permissions of '/data/cjt/hate/AnyCode-xu-l20/FineTune/experiments/baseline/sbic/Qwen3-8B/class_hate_class_target_statement_toxic_only/tokenizer_config.json': Operation not permitted
chmod: changing permissions of '/data/cjt/hate/AnyCode-xu-l20/FineTune/experiments/baseline/sbic/Qwen3-8B/class_hate_class_target_statement_toxic_only/trainable_params.json': Operation not permitted
chmod: changing permissions of '/data/cjt/hate/AnyCode-xu-l20/FineTune/experiments/baseline/sbic/Qwen3-8B/class_hate_class_target_toxic_only': Operation not permitted
chmod: changing permissions of '/data/cjt/hate/AnyCode-xu-l20/FineTune/experiments/baseline/sbic/Qwen3-8B/class_hate_class_target_toxic_only/README.md': Operation not permitted
chmod: changing permissions of '/data/cjt/hate/AnyCode-xu-l20/FineTune/experiments/baseline/sbic/Qwen3-8B/class_hate_class_target_toxic_only/adapter_config.json': Operation not permitted
chmod: changing permissions of '/data/cjt/hate/AnyCode-xu-l20/FineTune/experiments/baseline/sbic/Qwen3-8B/class_hate_class_target_toxic_only/chat_template.jinja': Operation not permitted
chmod: changing permissions of '/data/cjt/hate/AnyCode-xu-l20/FineTune/experiments/baseline/sbic/Qwen3-8B/class_hate_class_target_toxic_only/eval': Operation not permitted
chmod: changing permissions of '/data/cjt/hate/AnyCode-xu-l20/FineTune/experiments/baseline/sbic/Qwen3-8B/class_hate_class_target_toxic_only/eval/error_summary.json': Operation not permitted
chmod: changing permissions of '/data/cjt/hate/AnyCode-xu-l20/FineTune/experiments/baseline/sbic/Qwen3-8B/class_hate_class_target_toxic_only/eval/test_metrics.json': Operation not permitted
chmod: changing permissions of '/data/cjt/hate/AnyCode-xu-l20/FineTune/experiments/baseline/sbic/Qwen3-8B/class_hate_class_target_toxic_only/hate_class_vocab.json': Operation not permitted
chmod: changing permissions of '/data/cjt/hate/AnyCode-xu-l20/FineTune/experiments/baseline/sbic/Qwen3-8B/class_hate_class_target_toxic_only/tokenizer_config.json': Operation not permitted
chmod: changing permissions of '/data/cjt/hate/AnyCode-xu-l20/FineTune/experiments/baseline/sbic/Qwen3-8B/class_hate_class_target_toxic_only/trainable_params.json': Operation not permitted
chmod: changing permissions of '/data/cjt/hate/AnyCode-xu-l20/FineTune/experiments/baseline/sbic/Qwen3-8B/class_target_toxic_only': Operation not permitted
chmod: changing permissions of '/data/cjt/hate/AnyCode-xu-l20/FineTune/experiments/baseline/sbic/Qwen3-8B/class_target_toxic_only/README.md': Operation not permitted
chmod: changing permissions of '/data/cjt/hate/AnyCode-xu-l20/FineTune/experiments/baseline/sbic/Qwen3-8B/class_target_toxic_only/adapter_config.json': Operation not permitted
chmod: changing permissions of '/data/cjt/hate/AnyCode-xu-l20/FineTune/experiments/baseline/sbic/Qwen3-8B/class_target_toxic_only/chat_template.jinja': Operation not permitted
chmod: changing permissions of '/data/cjt/hate/AnyCode-xu-l20/FineTune/experiments/baseline/sbic/Qwen3-8B/class_target_toxic_only/eval': Operation not permitted
chmod: changing permissions of '/data/cjt/hate/AnyCode-xu-l20/FineTune/experiments/baseline/sbic/Qwen3-8B/class_target_toxic_only/eval/error_summary.json': Operation not permitted
chmod: changing permissions of '/data/cjt/hate/AnyCode-xu-l20/FineTune/experiments/baseline/sbic/Qwen3-8B/class_target_toxic_only/eval/test_metrics.json': Operation not permitted
chmod: changing permissions of '/data/cjt/hate/AnyCode-xu-l20/FineTune/experiments/baseline/sbic/Qwen3-8B/class_target_toxic_only/hate_class_vocab.json': Operation not permitted
chmod: changing permissions of '/data/cjt/hate/AnyCode-xu-l20/FineTune/experiments/baseline/sbic/Qwen3-8B/class_target_toxic_only/tokenizer_config.json': Operation not permitted
chmod: changing permissions of '/data/cjt/hate/AnyCode-xu-l20/FineTune/experiments/baseline/sbic/Qwen3-8B/class_target_toxic_only/trainable_params.json': Operation not permitted
chmod: changing permissions of '/data/cjt/hate/AnyCode-xu-l20/FineTune/experiments/eval_results.md': Operation not permitted
chmod: changing permissions of '/data/cjt/hate/AnyCode-xu-l20/FineTune/experiments/statement_full_v1': Operation not permitted
chmod: changing permissions of '/data/cjt/hate/AnyCode-xu-l20/FineTune/experiments/statement_full_v1/README.md': Operation not permitted
chmod: changing permissions of '/data/cjt/hate/AnyCode-xu-l20/FineTune/experiments/statement_full_v1/text_label_1x': Operation not permitted
chmod: changing permissions of '/data/cjt/hate/AnyCode-xu-l20/FineTune/experiments/statement_full_v1/text_label_1x/Mistral-7B-Instruct-v0.3': Operation not permitted
chmod: changing permissions of '/data/cjt/hate/AnyCode-xu-l20/FineTune/experiments/statement_full_v1/text_label_1x/Mistral-7B-Instruct-v0.3/README.md': Operation not permitted
chmod: changing permissions of '/data/cjt/hate/AnyCode-xu-l20/FineTune/experiments/statement_full_v1/text_label_1x/Mistral-7B-Instruct-v0.3/eval_statement_all_rows': Operation not permitted
chmod: changing permissions of '/data/cjt/hate/AnyCode-xu-l20/FineTune/experiments/statement_full_v1/text_label_1x/Mistral-7B-Instruct-v0.3/eval_statement_all_rows/error_summary.json': Operation not permitted
chmod: changing permissions of '/data/cjt/hate/AnyCode-xu-l20/FineTune/experiments/statement_full_v1/text_label_1x/Mistral-7B-Instruct-v0.3/eval_statement_all_rows/test_metrics.json': Operation not permitted
chmod: changing permissions of '/data/cjt/hate/AnyCode-xu-l20/FineTune/experiments/statement_full_v1/text_label_1x/Qwen2.5-7B': Operation not permitted
chmod: changing permissions of '/data/cjt/hate/AnyCode-xu-l20/FineTune/experiments/statement_full_v1/text_label_1x/Qwen2.5-7B/README.md': Operation not permitted
chmod: changing permissions of '/data/cjt/hate/AnyCode-xu-l20/FineTune/experiments/statement_full_v1/text_label_1x/Qwen2.5-7B/eval_statement_all_rows': Operation not permitted
chmod: changing permissions of '/data/cjt/hate/AnyCode-xu-l20/FineTune/experiments/statement_full_v1/text_label_1x/Qwen2.5-7B/eval_statement_all_rows/error_summary.json': Operation not permitted
chmod: changing permissions of '/data/cjt/hate/AnyCode-xu-l20/FineTune/experiments/statement_full_v1/text_label_1x/Qwen2.5-7B/eval_statement_all_rows/test_metrics.json': Operation not permitted
chmod: changing permissions of '/data/cjt/hate/AnyCode-xu-l20/FineTune/experiments/statement_full_v1/text_label_1x/Qwen3-4B': Operation not permitted
chmod: changing permissions of '/data/cjt/hate/AnyCode-xu-l20/FineTune/experiments/statement_full_v1/text_label_1x/Qwen3-4B/README.md': Operation not permitted
chmod: changing permissions of '/data/cjt/hate/AnyCode-xu-l20/FineTune/experiments/statement_full_v1/text_label_1x/Qwen3-4B/eval': Operation not permitted
chmod: changing permissions of '/data/cjt/hate/AnyCode-xu-l20/FineTune/experiments/statement_full_v1/text_label_1x/Qwen3-4B/eval/error_summary.json': Operation not permitted
chmod: changing permissions of '/data/cjt/hate/AnyCode-xu-l20/FineTune/experiments/statement_full_v1/text_label_1x/Qwen3-4B/eval/test_metrics.json': Operation not permitted
chmod: changing permissions of '/data/cjt/hate/AnyCode-xu-l20/FineTune/experiments/statement_full_v1/text_label_1x/Qwen3-4B/eval_statement_all_rows': Operation not permitted
chmod: changing permissions of '/data/cjt/hate/AnyCode-xu-l20/FineTune/experiments/statement_full_v1/text_label_1x/Qwen3-4B/eval_statement_all_rows/error_summary.json': Operation not permitted
chmod: changing permissions of '/data/cjt/hate/AnyCode-xu-l20/FineTune/experiments/statement_full_v1/text_label_1x/Qwen3-4B/eval_statement_all_rows/test_metrics.json': Operation not permitted
chmod: changing permissions of '/data/cjt/hate/AnyCode-xu-l20/FineTune/experiments/statement_full_v1/text_label_1x/Qwen3-8B': Operation not permitted
chmod: changing permissions of '/data/cjt/hate/AnyCode-xu-l20/FineTune/experiments/statement_full_v1/text_label_1x/Qwen3-8B/README.md': Operation not permitted
chmod: changing permissions of '/data/cjt/hate/AnyCode-xu-l20/FineTune/experiments/statement_full_v1/text_label_1x/Qwen3-8B/eval_statement_all_rows': Operation not permitted
chmod: changing permissions of '/data/cjt/hate/AnyCode-xu-l20/FineTune/experiments/statement_full_v1/text_label_1x/Qwen3-8B/eval_statement_all_rows/error_summary.json': Operation not permitted
chmod: changing permissions of '/data/cjt/hate/AnyCode-xu-l20/FineTune/experiments/statement_full_v1/text_label_1x/Qwen3-8B/eval_statement_all_rows/test_metrics.json': Operation not permitted
chmod: changing permissions of '/data/cjt/hate/AnyCode-xu-l20/FineTune/experiments/statement_full_v1/text_label_target_1x': Operation not permitted
chmod: changing permissions of '/data/cjt/hate/AnyCode-xu-l20/FineTune/experiments/statement_full_v1/text_label_target_1x/Mistral-7B-Instruct-v0.3': Operation not permitted
chmod: changing permissions of '/data/cjt/hate/AnyCode-xu-l20/FineTune/experiments/statement_full_v1/text_label_target_1x/Mistral-7B-Instruct-v0.3/README.md': Operation not permitted
chmod: changing permissions of '/data/cjt/hate/AnyCode-xu-l20/FineTune/experiments/statement_full_v1/text_label_target_1x/Mistral-7B-Instruct-v0.3/eval_statement_all_rows': Operation not permitted
chmod: changing permissions of '/data/cjt/hate/AnyCode-xu-l20/FineTune/experiments/statement_full_v1/text_label_target_1x/Mistral-7B-Instruct-v0.3/eval_statement_all_rows/error_summary.json': Operation not permitted
chmod: changing permissions of '/data/cjt/hate/AnyCode-xu-l20/FineTune/experiments/statement_full_v1/text_label_target_1x/Mistral-7B-Instruct-v0.3/eval_statement_all_rows/test_metrics.json': Operation not permitted
chmod: changing permissions of '/data/cjt/hate/AnyCode-xu-l20/FineTune/experiments/statement_full_v1/text_label_target_1x/Qwen2.5-7B': Operation not permitted
chmod: changing permissions of '/data/cjt/hate/AnyCode-xu-l20/FineTune/experiments/statement_full_v1/text_label_target_1x/Qwen2.5-7B/README.md': Operation not permitted
chmod: changing permissions of '/data/cjt/hate/AnyCode-xu-l20/FineTune/experiments/statement_full_v1/text_label_target_1x/Qwen2.5-7B/eval_statement_all_rows': Operation not permitted
chmod: changing permissions of '/data/cjt/hate/AnyCode-xu-l20/FineTune/experiments/statement_full_v1/text_label_target_1x/Qwen2.5-7B/eval_statement_all_rows/error_summary.json': Operation not permitted
chmod: changing permissions of '/data/cjt/hate/AnyCode-xu-l20/FineTune/experiments/statement_full_v1/text_label_target_1x/Qwen2.5-7B/eval_statement_all_rows/test_metrics.json': Operation not permitted
chmod: changing permissions of '/data/cjt/hate/AnyCode-xu-l20/FineTune/experiments/statement_full_v1/text_label_target_1x/Qwen3-4B': Operation not permitted
chmod: changing permissions of '/data/cjt/hate/AnyCode-xu-l20/FineTune/experiments/statement_full_v1/text_label_target_1x/Qwen3-4B/README.md': Operation not permitted
chmod: changing permissions of '/data/cjt/hate/AnyCode-xu-l20/FineTune/experiments/statement_full_v1/text_label_target_1x/Qwen3-4B/eval': Operation not permitted
chmod: changing permissions of '/data/cjt/hate/AnyCode-xu-l20/FineTune/experiments/statement_full_v1/text_label_target_1x/Qwen3-4B/eval/error_summary.json': Operation not permitted
chmod: changing permissions of '/data/cjt/hate/AnyCode-xu-l20/FineTune/experiments/statement_full_v1/text_label_target_1x/Qwen3-4B/eval/test_metrics.json': Operation not permitted
chmod: changing permissions of '/data/cjt/hate/AnyCode-xu-l20/FineTune/experiments/statement_full_v1/text_label_target_1x/Qwen3-4B/eval_statement_all_rows': Operation not permitted
chmod: changing permissions of '/data/cjt/hate/AnyCode-xu-l20/FineTune/experiments/statement_full_v1/text_label_target_1x/Qwen3-4B/eval_statement_all_rows/error_summary.json': Operation not permitted
chmod: changing permissions of '/data/cjt/hate/AnyCode-xu-l20/FineTune/experiments/statement_full_v1/text_label_target_1x/Qwen3-4B/eval_statement_all_rows/test_metrics.json': Operation not permitted
chmod: changing permissions of '/data/cjt/hate/AnyCode-xu-l20/FineTune/experiments/statement_full_v1/text_label_target_1x/Qwen3-8B': Operation not permitted
chmod: changing permissions of '/data/cjt/hate/AnyCode-xu-l20/FineTune/experiments/statement_full_v1/text_label_target_1x/Qwen3-8B/README.md': Operation not permitted
chmod: changing permissions of '/data/cjt/hate/AnyCode-xu-l20/FineTune/experiments/statement_full_v1/text_label_target_1x/Qwen3-8B/eval_statement_all_rows': Operation not permitted
chmod: changing permissions of '/data/cjt/hate/AnyCode-xu-l20/FineTune/experiments/statement_full_v1/text_label_target_1x/Qwen3-8B/eval_statement_all_rows/error_summary.json': Operation not permitted
chmod: changing permissions of '/data/cjt/hate/AnyCode-xu-l20/FineTune/experiments/statement_full_v1/text_label_target_1x/Qwen3-8B/eval_statement_all_rows/test_metrics.json': Operation not permitted
chmod: changing permissions of '/data/cjt/hate/AnyCode-xu-l20/FineTune/experiments/statement_full_v1/text_only_1x': Operation not permitted
chmod: changing permissions of '/data/cjt/hate/AnyCode-xu-l20/FineTune/experiments/statement_full_v1/text_only_1x/Mistral-7B-Instruct-v0.3': Operation not permitted
chmod: changing permissions of '/data/cjt/hate/AnyCode-xu-l20/FineTune/experiments/statement_full_v1/text_only_1x/Mistral-7B-Instruct-v0.3/README.md': Operation not permitted
chmod: changing permissions of '/data/cjt/hate/AnyCode-xu-l20/FineTune/experiments/statement_full_v1/text_only_1x/Mistral-7B-Instruct-v0.3/eval_statement_all_rows': Operation not permitted
chmod: changing permissions of '/data/cjt/hate/AnyCode-xu-l20/FineTune/experiments/statement_full_v1/text_only_1x/Mistral-7B-Instruct-v0.3/eval_statement_all_rows/error_summary.json': Operation not permitted
chmod: changing permissions of '/data/cjt/hate/AnyCode-xu-l20/FineTune/experiments/statement_full_v1/text_only_1x/Mistral-7B-Instruct-v0.3/eval_statement_all_rows/test_metrics.json': Operation not permitted
chmod: changing permissions of '/data/cjt/hate/AnyCode-xu-l20/FineTune/experiments/statement_full_v1/text_only_1x/Qwen2.5-7B': Operation not permitted
chmod: changing permissions of '/data/cjt/hate/AnyCode-xu-l20/FineTune/experiments/statement_full_v1/text_only_1x/Qwen2.5-7B/README.md': Operation not permitted
chmod: changing permissions of '/data/cjt/hate/AnyCode-xu-l20/FineTune/experiments/statement_full_v1/text_only_1x/Qwen2.5-7B/eval_statement_all_rows': Operation not permitted
chmod: changing permissions of '/data/cjt/hate/AnyCode-xu-l20/FineTune/experiments/statement_full_v1/text_only_1x/Qwen2.5-7B/eval_statement_all_rows/error_summary.json': Operation not permitted
chmod: changing permissions of '/data/cjt/hate/AnyCode-xu-l20/FineTune/experiments/statement_full_v1/text_only_1x/Qwen2.5-7B/eval_statement_all_rows/test_metrics.json': Operation not permitted
chmod: changing permissions of '/data/cjt/hate/AnyCode-xu-l20/FineTune/experiments/statement_full_v1/text_only_1x/Qwen3-4B': Operation not permitted
chmod: changing permissions of '/data/cjt/hate/AnyCode-xu-l20/FineTune/experiments/statement_full_v1/text_only_1x/Qwen3-4B/README.md': Operation not permitted
chmod: changing permissions of '/data/cjt/hate/AnyCode-xu-l20/FineTune/experiments/statement_full_v1/text_only_1x/Qwen3-4B/eval': Operation not permitted
chmod: changing permissions of '/data/cjt/hate/AnyCode-xu-l20/FineTune/experiments/statement_full_v1/text_only_1x/Qwen3-4B/eval/error_summary.json': Operation not permitted
chmod: changing permissions of '/data/cjt/hate/AnyCode-xu-l20/FineTune/experiments/statement_full_v1/text_only_1x/Qwen3-4B/eval/test_metrics.json': Operation not permitted
chmod: changing permissions of '/data/cjt/hate/AnyCode-xu-l20/FineTune/experiments/statement_full_v1/text_only_1x/Qwen3-4B/eval_statement_all_rows': Operation not permitted
chmod: changing permissions of '/data/cjt/hate/AnyCode-xu-l20/FineTune/experiments/statement_full_v1/text_only_1x/Qwen3-4B/eval_statement_all_rows/error_summary.json': Operation not permitted
chmod: changing permissions of '/data/cjt/hate/AnyCode-xu-l20/FineTune/experiments/statement_full_v1/text_only_1x/Qwen3-4B/eval_statement_all_rows/test_metrics.json': Operation not permitted
chmod: changing permissions of '/data/cjt/hate/AnyCode-xu-l20/FineTune/experiments/statement_full_v1/text_only_1x/Qwen3-8B': Operation not permitted
chmod: changing permissions of '/data/cjt/hate/AnyCode-xu-l20/FineTune/experiments/statement_full_v1/text_only_1x/Qwen3-8B/README.md': Operation not permitted
chmod: changing permissions of '/data/cjt/hate/AnyCode-xu-l20/FineTune/experiments/statement_full_v1/text_only_1x/Qwen3-8B/eval_statement_all_rows': Operation not permitted
chmod: changing permissions of '/data/cjt/hate/AnyCode-xu-l20/FineTune/experiments/statement_full_v1/text_only_1x/Qwen3-8B/eval_statement_all_rows/error_summary.json': Operation not permitted
chmod: changing permissions of '/data/cjt/hate/AnyCode-xu-l20/FineTune/experiments/statement_full_v1/text_only_1x/Qwen3-8B/eval_statement_all_rows/test_metrics.json': Operation not permitted
chmod: changing permissions of '/data/cjt/hate/AnyCode-xu-l20/FineTune/experiments/statement_pilot_v1': Operation not permitted
chmod: changing permissions of '/data/cjt/hate/AnyCode-xu-l20/FineTune/experiments/statement_pilot_v1/README.md': Operation not permitted
chmod: changing permissions of '/data/cjt/hate/AnyCode-xu-l20/FineTune/experiments/statement_pilot_v1/s1_native_toxic': Operation not permitted
chmod: changing permissions of '/data/cjt/hate/AnyCode-xu-l20/FineTune/experiments/statement_pilot_v1/s1_native_toxic/Qwen3-4B': Operation not permitted
chmod: changing permissions of '/data/cjt/hate/AnyCode-xu-l20/FineTune/experiments/statement_pilot_v1/s1_native_toxic/Qwen3-4B/README.md': Operation not permitted
chmod: changing permissions of '/data/cjt/hate/AnyCode-xu-l20/FineTune/experiments/statement_pilot_v1/s1_native_toxic/Qwen3-4B/adapter_config.json': Operation not permitted
chmod: changing permissions of '/data/cjt/hate/AnyCode-xu-l20/FineTune/experiments/statement_pilot_v1/s1_native_toxic/Qwen3-4B/chat_template.jinja': Operation not permitted
chmod: changing permissions of '/data/cjt/hate/AnyCode-xu-l20/FineTune/experiments/statement_pilot_v1/s1_native_toxic/Qwen3-4B/eval': Operation not permitted
chmod: changing permissions of '/data/cjt/hate/AnyCode-xu-l20/FineTune/experiments/statement_pilot_v1/s1_native_toxic/Qwen3-4B/eval/error_summary.json': Operation not permitted
chmod: changing permissions of '/data/cjt/hate/AnyCode-xu-l20/FineTune/experiments/statement_pilot_v1/s1_native_toxic/Qwen3-4B/eval/test_metrics.json': Operation not permitted
chmod: changing permissions of '/data/cjt/hate/AnyCode-xu-l20/FineTune/experiments/statement_pilot_v1/s1_native_toxic/Qwen3-4B/hate_class_vocab.json': Operation not permitted
chmod: changing permissions of '/data/cjt/hate/AnyCode-xu-l20/FineTune/experiments/statement_pilot_v1/s1_native_toxic/Qwen3-4B/tokenizer_config.json': Operation not permitted
chmod: changing permissions of '/data/cjt/hate/AnyCode-xu-l20/FineTune/experiments/statement_pilot_v1/s1_native_toxic/Qwen3-4B/trainable_params.json': Operation not permitted
chmod: changing permissions of '/data/cjt/hate/AnyCode-xu-l20/FineTune/experiments/statement_pilot_v1/s2_text_label_1x': Operation not permitted
chmod: changing permissions of '/data/cjt/hate/AnyCode-xu-l20/FineTune/experiments/statement_pilot_v1/s2_text_label_1x/Qwen3-4B': Operation not permitted
chmod: changing permissions of '/data/cjt/hate/AnyCode-xu-l20/FineTune/experiments/statement_pilot_v1/s2_text_label_1x/Qwen3-4B/README.md': Operation not permitted
chmod: changing permissions of '/data/cjt/hate/AnyCode-xu-l20/FineTune/experiments/statement_pilot_v1/s2_text_label_1x/Qwen3-4B/adapter_config.json': Operation not permitted
chmod: changing permissions of '/data/cjt/hate/AnyCode-xu-l20/FineTune/experiments/statement_pilot_v1/s2_text_label_1x/Qwen3-4B/chat_template.jinja': Operation not permitted
chmod: changing permissions of '/data/cjt/hate/AnyCode-xu-l20/FineTune/experiments/statement_pilot_v1/s2_text_label_1x/Qwen3-4B/eval': Operation not permitted
chmod: changing permissions of '/data/cjt/hate/AnyCode-xu-l20/FineTune/experiments/statement_pilot_v1/s2_text_label_1x/Qwen3-4B/eval/error_summary.json': Operation not permitted
chmod: changing permissions of '/data/cjt/hate/AnyCode-xu-l20/FineTune/experiments/statement_pilot_v1/s2_text_label_1x/Qwen3-4B/eval/test_metrics.json': Operation not permitted
chmod: changing permissions of '/data/cjt/hate/AnyCode-xu-l20/FineTune/experiments/statement_pilot_v1/s2_text_label_1x/Qwen3-4B/hate_class_vocab.json': Operation not permitted
chmod: changing permissions of '/data/cjt/hate/AnyCode-xu-l20/FineTune/experiments/statement_pilot_v1/s2_text_label_1x/Qwen3-4B/tokenizer_config.json': Operation not permitted
chmod: changing permissions of '/data/cjt/hate/AnyCode-xu-l20/FineTune/experiments/statement_pilot_v1/s2_text_label_1x/Qwen3-4B/trainable_params.json': Operation not permitted
chmod: changing permissions of '/data/cjt/hate/AnyCode-xu-l20/FineTune/experiments/statement_pilot_v1/s2_text_label_4x': Operation not permitted
chmod: changing permissions of '/data/cjt/hate/AnyCode-xu-l20/FineTune/experiments/statement_pilot_v1/s2_text_label_4x/Qwen3-4B': Operation not permitted
chmod: changing permissions of '/data/cjt/hate/AnyCode-xu-l20/FineTune/experiments/statement_pilot_v1/s2_text_label_4x/Qwen3-4B/README.md': Operation not permitted
chmod: changing permissions of '/data/cjt/hate/AnyCode-xu-l20/FineTune/experiments/statement_pilot_v1/s2_text_label_4x/Qwen3-4B/adapter_config.json': Operation not permitted
chmod: changing permissions of '/data/cjt/hate/AnyCode-xu-l20/FineTune/experiments/statement_pilot_v1/s2_text_label_4x/Qwen3-4B/chat_template.jinja': Operation not permitted
chmod: changing permissions of '/data/cjt/hate/AnyCode-xu-l20/FineTune/experiments/statement_pilot_v1/s2_text_label_4x/Qwen3-4B/eval': Operation not permitted
chmod: changing permissions of '/data/cjt/hate/AnyCode-xu-l20/FineTune/experiments/statement_pilot_v1/s2_text_label_4x/Qwen3-4B/eval/error_summary.json': Operation not permitted
chmod: changing permissions of '/data/cjt/hate/AnyCode-xu-l20/FineTune/experiments/statement_pilot_v1/s2_text_label_4x/Qwen3-4B/eval/test_metrics.json': Operation not permitted
chmod: changing permissions of '/data/cjt/hate/AnyCode-xu-l20/FineTune/experiments/statement_pilot_v1/s2_text_label_4x/Qwen3-4B/hate_class_vocab.json': Operation not permitted
chmod: changing permissions of '/data/cjt/hate/AnyCode-xu-l20/FineTune/experiments/statement_pilot_v1/s2_text_label_4x/Qwen3-4B/tokenizer_config.json': Operation not permitted
chmod: changing permissions of '/data/cjt/hate/AnyCode-xu-l20/FineTune/experiments/statement_pilot_v1/s2_text_label_4x/Qwen3-4B/trainable_params.json': Operation not permitted
chmod: changing permissions of '/data/cjt/hate/AnyCode-xu-l20/FineTune/experiments/statement_pilot_v1/s2_text_label_target_1x': Operation not permitted
chmod: changing permissions of '/data/cjt/hate/AnyCode-xu-l20/FineTune/experiments/statement_pilot_v1/s2_text_label_target_1x/Qwen3-4B': Operation not permitted
chmod: changing permissions of '/data/cjt/hate/AnyCode-xu-l20/FineTune/experiments/statement_pilot_v1/s2_text_label_target_1x/Qwen3-4B/README.md': Operation not permitted
chmod: changing permissions of '/data/cjt/hate/AnyCode-xu-l20/FineTune/experiments/statement_pilot_v1/s2_text_label_target_1x/Qwen3-4B/adapter_config.json': Operation not permitted
chmod: changing permissions of '/data/cjt/hate/AnyCode-xu-l20/FineTune/experiments/statement_pilot_v1/s2_text_label_target_1x/Qwen3-4B/chat_template.jinja': Operation not permitted
chmod: changing permissions of '/data/cjt/hate/AnyCode-xu-l20/FineTune/experiments/statement_pilot_v1/s2_text_label_target_1x/Qwen3-4B/eval': Operation not permitted
chmod: changing permissions of '/data/cjt/hate/AnyCode-xu-l20/FineTune/experiments/statement_pilot_v1/s2_text_label_target_1x/Qwen3-4B/eval/error_summary.json': Operation not permitted
chmod: changing permissions of '/data/cjt/hate/AnyCode-xu-l20/FineTune/experiments/statement_pilot_v1/s2_text_label_target_1x/Qwen3-4B/eval/test_metrics.json': Operation not permitted
chmod: changing permissions of '/data/cjt/hate/AnyCode-xu-l20/FineTune/experiments/statement_pilot_v1/s2_text_label_target_1x/Qwen3-4B/hate_class_vocab.json': Operation not permitted
chmod: changing permissions of '/data/cjt/hate/AnyCode-xu-l20/FineTune/experiments/statement_pilot_v1/s2_text_label_target_1x/Qwen3-4B/tokenizer_config.json': Operation not permitted
chmod: changing permissions of '/data/cjt/hate/AnyCode-xu-l20/FineTune/experiments/statement_pilot_v1/s2_text_label_target_1x/Qwen3-4B/trainable_params.json': Operation not permitted
chmod: changing permissions of '/data/cjt/hate/AnyCode-xu-l20/FineTune/experiments/statement_pilot_v1/s2_text_only_1x': Operation not permitted
chmod: changing permissions of '/data/cjt/hate/AnyCode-xu-l20/FineTune/experiments/statement_pilot_v1/s2_text_only_1x/Qwen3-4B': Operation not permitted
chmod: changing permissions of '/data/cjt/hate/AnyCode-xu-l20/FineTune/experiments/statement_pilot_v1/s2_text_only_1x/Qwen3-4B/README.md': Operation not permitted
chmod: changing permissions of '/data/cjt/hate/AnyCode-xu-l20/FineTune/experiments/statement_pilot_v1/s2_text_only_1x/Qwen3-4B/adapter_config.json': Operation not permitted
chmod: changing permissions of '/data/cjt/hate/AnyCode-xu-l20/FineTune/experiments/statement_pilot_v1/s2_text_only_1x/Qwen3-4B/chat_template.jinja': Operation not permitted
chmod: changing permissions of '/data/cjt/hate/AnyCode-xu-l20/FineTune/experiments/statement_pilot_v1/s2_text_only_1x/Qwen3-4B/eval': Operation not permitted
chmod: changing permissions of '/data/cjt/hate/AnyCode-xu-l20/FineTune/experiments/statement_pilot_v1/s2_text_only_1x/Qwen3-4B/eval/error_summary.json': Operation not permitted
chmod: changing permissions of '/data/cjt/hate/AnyCode-xu-l20/FineTune/experiments/statement_pilot_v1/s2_text_only_1x/Qwen3-4B/eval/test_metrics.json': Operation not permitted
chmod: changing permissions of '/data/cjt/hate/AnyCode-xu-l20/FineTune/experiments/statement_pilot_v1/s2_text_only_1x/Qwen3-4B/hate_class_vocab.json': Operation not permitted
chmod: changing permissions of '/data/cjt/hate/AnyCode-xu-l20/FineTune/experiments/statement_pilot_v1/s2_text_only_1x/Qwen3-4B/tokenizer_config.json': Operation not permitted
chmod: changing permissions of '/data/cjt/hate/AnyCode-xu-l20/FineTune/experiments/statement_pilot_v1/s2_text_only_1x/Qwen3-4B/trainable_params.json': Operation not permitted
chmod: changing permissions of '/data/cjt/hate/AnyCode-xu-l20/FineTune/experiments/target_completion_v1': Operation not permitted
chmod: changing permissions of '/data/cjt/hate/AnyCode-xu-l20/FineTune/experiments/target_completion_v1/README.md': Operation not permitted
chmod: changing permissions of '/data/cjt/hate/AnyCode-xu-l20/FineTune/experiments/target_completion_v1/class_hate_class_target_all_rows': Operation not permitted
chmod: changing permissions of '/data/cjt/hate/AnyCode-xu-l20/FineTune/experiments/target_completion_v1/class_hate_class_target_all_rows/Mistral-7B-Instruct-v0.3': Operation not permitted
chmod: changing permissions of '/data/cjt/hate/AnyCode-xu-l20/FineTune/experiments/target_completion_v1/class_hate_class_target_all_rows/Mistral-7B-Instruct-v0.3/README.md': Operation not permitted
chmod: changing permissions of '/data/cjt/hate/AnyCode-xu-l20/FineTune/experiments/target_completion_v1/class_hate_class_target_all_rows/Mistral-7B-Instruct-v0.3/adapter_config.json': Operation not permitted
chmod: changing permissions of '/data/cjt/hate/AnyCode-xu-l20/FineTune/experiments/target_completion_v1/class_hate_class_target_all_rows/Mistral-7B-Instruct-v0.3/chat_template.jinja': Operation not permitted
chmod: changing permissions of '/data/cjt/hate/AnyCode-xu-l20/FineTune/experiments/target_completion_v1/class_hate_class_target_all_rows/Mistral-7B-Instruct-v0.3/eval': Operation not permitted
chmod: changing permissions of '/data/cjt/hate/AnyCode-xu-l20/FineTune/experiments/target_completion_v1/class_hate_class_target_all_rows/Mistral-7B-Instruct-v0.3/eval/error_summary.json': Operation not permitted
chmod: changing permissions of '/data/cjt/hate/AnyCode-xu-l20/FineTune/experiments/target_completion_v1/class_hate_class_target_all_rows/Mistral-7B-Instruct-v0.3/eval/test_metrics.json': Operation not permitted
chmod: changing permissions of '/data/cjt/hate/AnyCode-xu-l20/FineTune/experiments/target_completion_v1/class_hate_class_target_all_rows/Mistral-7B-Instruct-v0.3/hate_class_vocab.json': Operation not permitted
chmod: changing permissions of '/data/cjt/hate/AnyCode-xu-l20/FineTune/experiments/target_completion_v1/class_hate_class_target_all_rows/Mistral-7B-Instruct-v0.3/tokenizer_config.json': Operation not permitted
chmod: changing permissions of '/data/cjt/hate/AnyCode-xu-l20/FineTune/experiments/target_completion_v1/class_hate_class_target_all_rows/Mistral-7B-Instruct-v0.3/trainable_params.json': Operation not permitted
chmod: changing permissions of '/data/cjt/hate/AnyCode-xu-l20/FineTune/experiments/target_completion_v1/class_hate_class_target_all_rows/Qwen2.5-7B': Operation not permitted
chmod: changing permissions of '/data/cjt/hate/AnyCode-xu-l20/FineTune/experiments/target_completion_v1/class_hate_class_target_all_rows/Qwen2.5-7B/README.md': Operation not permitted
chmod: changing permissions of '/data/cjt/hate/AnyCode-xu-l20/FineTune/experiments/target_completion_v1/class_hate_class_target_all_rows/Qwen2.5-7B/adapter_config.json': Operation not permitted
chmod: changing permissions of '/data/cjt/hate/AnyCode-xu-l20/FineTune/experiments/target_completion_v1/class_hate_class_target_all_rows/Qwen2.5-7B/chat_template.jinja': Operation not permitted
chmod: changing permissions of '/data/cjt/hate/AnyCode-xu-l20/FineTune/experiments/target_completion_v1/class_hate_class_target_all_rows/Qwen2.5-7B/eval': Operation not permitted
chmod: changing permissions of '/data/cjt/hate/AnyCode-xu-l20/FineTune/experiments/target_completion_v1/class_hate_class_target_all_rows/Qwen2.5-7B/eval/error_summary.json': Operation not permitted
chmod: changing permissions of '/data/cjt/hate/AnyCode-xu-l20/FineTune/experiments/target_completion_v1/class_hate_class_target_all_rows/Qwen2.5-7B/eval/test_metrics.json': Operation not permitted
chmod: changing permissions of '/data/cjt/hate/AnyCode-xu-l20/FineTune/experiments/target_completion_v1/class_hate_class_target_all_rows/Qwen2.5-7B/hate_class_vocab.json': Operation not permitted
chmod: changing permissions of '/data/cjt/hate/AnyCode-xu-l20/FineTune/experiments/target_completion_v1/class_hate_class_target_all_rows/Qwen2.5-7B/tokenizer_config.json': Operation not permitted
chmod: changing permissions of '/data/cjt/hate/AnyCode-xu-l20/FineTune/experiments/target_completion_v1/class_hate_class_target_all_rows/Qwen2.5-7B/trainable_params.json': Operation not permitted
chmod: changing permissions of '/data/cjt/hate/AnyCode-xu-l20/FineTune/experiments/target_completion_v1/class_hate_class_target_all_rows/Qwen3-4B': Operation not permitted
chmod: changing permissions of '/data/cjt/hate/AnyCode-xu-l20/FineTune/experiments/target_completion_v1/class_hate_class_target_all_rows/Qwen3-4B/README.md': Operation not permitted
chmod: changing permissions of '/data/cjt/hate/AnyCode-xu-l20/FineTune/experiments/target_completion_v1/class_hate_class_target_all_rows/Qwen3-4B/adapter_config.json': Operation not permitted
chmod: changing permissions of '/data/cjt/hate/AnyCode-xu-l20/FineTune/experiments/target_completion_v1/class_hate_class_target_all_rows/Qwen3-4B/chat_template.jinja': Operation not permitted
chmod: changing permissions of '/data/cjt/hate/AnyCode-xu-l20/FineTune/experiments/target_completion_v1/class_hate_class_target_all_rows/Qwen3-4B/eval': Operation not permitted
chmod: changing permissions of '/data/cjt/hate/AnyCode-xu-l20/FineTune/experiments/target_completion_v1/class_hate_class_target_all_rows/Qwen3-4B/eval/error_summary.json': Operation not permitted
chmod: changing permissions of '/data/cjt/hate/AnyCode-xu-l20/FineTune/experiments/target_completion_v1/class_hate_class_target_all_rows/Qwen3-4B/eval/test_metrics.json': Operation not permitted
chmod: changing permissions of '/data/cjt/hate/AnyCode-xu-l20/FineTune/experiments/target_completion_v1/class_hate_class_target_all_rows/Qwen3-4B/hate_class_vocab.json': Operation not permitted
chmod: changing permissions of '/data/cjt/hate/AnyCode-xu-l20/FineTune/experiments/target_completion_v1/class_hate_class_target_all_rows/Qwen3-4B/tokenizer_config.json': Operation not permitted
chmod: changing permissions of '/data/cjt/hate/AnyCode-xu-l20/FineTune/experiments/target_completion_v1/class_hate_class_target_all_rows/Qwen3-4B/trainable_params.json': Operation not permitted
chmod: changing permissions of '/data/cjt/hate/AnyCode-xu-l20/FineTune/experiments/target_completion_v1/class_hate_class_target_all_rows/Qwen3-8B': Operation not permitted
chmod: changing permissions of '/data/cjt/hate/AnyCode-xu-l20/FineTune/experiments/target_completion_v1/class_hate_class_target_all_rows/Qwen3-8B/README.md': Operation not permitted
chmod: changing permissions of '/data/cjt/hate/AnyCode-xu-l20/FineTune/experiments/target_completion_v1/class_hate_class_target_all_rows/Qwen3-8B/adapter_config.json': Operation not permitted
chmod: changing permissions of '/data/cjt/hate/AnyCode-xu-l20/FineTune/experiments/target_completion_v1/class_hate_class_target_all_rows/Qwen3-8B/chat_template.jinja': Operation not permitted
chmod: changing permissions of '/data/cjt/hate/AnyCode-xu-l20/FineTune/experiments/target_completion_v1/class_hate_class_target_all_rows/Qwen3-8B/eval': Operation not permitted
chmod: changing permissions of '/data/cjt/hate/AnyCode-xu-l20/FineTune/experiments/target_completion_v1/class_hate_class_target_all_rows/Qwen3-8B/eval/error_summary.json': Operation not permitted
chmod: changing permissions of '/data/cjt/hate/AnyCode-xu-l20/FineTune/experiments/target_completion_v1/class_hate_class_target_all_rows/Qwen3-8B/eval/test_metrics.json': Operation not permitted
chmod: changing permissions of '/data/cjt/hate/AnyCode-xu-l20/FineTune/experiments/target_completion_v1/class_hate_class_target_all_rows/Qwen3-8B/hate_class_vocab.json': Operation not permitted
chmod: changing permissions of '/data/cjt/hate/AnyCode-xu-l20/FineTune/experiments/target_completion_v1/class_hate_class_target_all_rows/Qwen3-8B/tokenizer_config.json': Operation not permitted
chmod: changing permissions of '/data/cjt/hate/AnyCode-xu-l20/FineTune/experiments/target_completion_v1/class_hate_class_target_all_rows/Qwen3-8B/trainable_params.json': Operation not permitted
chmod: changing permissions of '/data/cjt/hate/AnyCode-xu-l20/FineTune/experiments/target_completion_v1/class_target_all_rows': Operation not permitted
chmod: changing permissions of '/data/cjt/hate/AnyCode-xu-l20/FineTune/experiments/target_completion_v1/class_target_all_rows/Mistral-7B-Instruct-v0.3': Operation not permitted
chmod: changing permissions of '/data/cjt/hate/AnyCode-xu-l20/FineTune/experiments/target_completion_v1/class_target_all_rows/Mistral-7B-Instruct-v0.3/README.md': Operation not permitted
chmod: changing permissions of '/data/cjt/hate/AnyCode-xu-l20/FineTune/experiments/target_completion_v1/class_target_all_rows/Mistral-7B-Instruct-v0.3/adapter_config.json': Operation not permitted
chmod: changing permissions of '/data/cjt/hate/AnyCode-xu-l20/FineTune/experiments/target_completion_v1/class_target_all_rows/Mistral-7B-Instruct-v0.3/chat_template.jinja': Operation not permitted
chmod: changing permissions of '/data/cjt/hate/AnyCode-xu-l20/FineTune/experiments/target_completion_v1/class_target_all_rows/Mistral-7B-Instruct-v0.3/eval': Operation not permitted
chmod: changing permissions of '/data/cjt/hate/AnyCode-xu-l20/FineTune/experiments/target_completion_v1/class_target_all_rows/Mistral-7B-Instruct-v0.3/eval/error_summary.json': Operation not permitted
chmod: changing permissions of '/data/cjt/hate/AnyCode-xu-l20/FineTune/experiments/target_completion_v1/class_target_all_rows/Mistral-7B-Instruct-v0.3/eval/test_metrics.json': Operation not permitted
chmod: changing permissions of '/data/cjt/hate/AnyCode-xu-l20/FineTune/experiments/target_completion_v1/class_target_all_rows/Mistral-7B-Instruct-v0.3/hate_class_vocab.json': Operation not permitted
chmod: changing permissions of '/data/cjt/hate/AnyCode-xu-l20/FineTune/experiments/target_completion_v1/class_target_all_rows/Mistral-7B-Instruct-v0.3/tokenizer_config.json': Operation not permitted
chmod: changing permissions of '/data/cjt/hate/AnyCode-xu-l20/FineTune/experiments/target_completion_v1/class_target_all_rows/Mistral-7B-Instruct-v0.3/trainable_params.json': Operation not permitted
chmod: changing permissions of '/data/cjt/hate/AnyCode-xu-l20/FineTune/experiments/target_completion_v1/class_target_all_rows/Qwen2.5-7B': Operation not permitted
chmod: changing permissions of '/data/cjt/hate/AnyCode-xu-l20/FineTune/experiments/target_completion_v1/class_target_all_rows/Qwen2.5-7B/README.md': Operation not permitted
chmod: changing permissions of '/data/cjt/hate/AnyCode-xu-l20/FineTune/experiments/target_completion_v1/class_target_all_rows/Qwen2.5-7B/adapter_config.json': Operation not permitted
chmod: changing permissions of '/data/cjt/hate/AnyCode-xu-l20/FineTune/experiments/target_completion_v1/class_target_all_rows/Qwen2.5-7B/chat_template.jinja': Operation not permitted
chmod: changing permissions of '/data/cjt/hate/AnyCode-xu-l20/FineTune/experiments/target_completion_v1/class_target_all_rows/Qwen2.5-7B/eval': Operation not permitted
chmod: changing permissions of '/data/cjt/hate/AnyCode-xu-l20/FineTune/experiments/target_completion_v1/class_target_all_rows/Qwen2.5-7B/eval/error_summary.json': Operation not permitted
chmod: changing permissions of '/data/cjt/hate/AnyCode-xu-l20/FineTune/experiments/target_completion_v1/class_target_all_rows/Qwen2.5-7B/eval/test_metrics.json': Operation not permitted
chmod: changing permissions of '/data/cjt/hate/AnyCode-xu-l20/FineTune/experiments/target_completion_v1/class_target_all_rows/Qwen2.5-7B/hate_class_vocab.json': Operation not permitted
chmod: changing permissions of '/data/cjt/hate/AnyCode-xu-l20/FineTune/experiments/target_completion_v1/class_target_all_rows/Qwen2.5-7B/tokenizer_config.json': Operation not permitted
chmod: changing permissions of '/data/cjt/hate/AnyCode-xu-l20/FineTune/experiments/target_completion_v1/class_target_all_rows/Qwen2.5-7B/trainable_params.json': Operation not permitted
chmod: changing permissions of '/data/cjt/hate/AnyCode-xu-l20/FineTune/experiments/target_completion_v1/class_target_all_rows/Qwen3-4B': Operation not permitted
chmod: changing permissions of '/data/cjt/hate/AnyCode-xu-l20/FineTune/experiments/target_completion_v1/class_target_all_rows/Qwen3-4B/README.md': Operation not permitted
chmod: changing permissions of '/data/cjt/hate/AnyCode-xu-l20/FineTune/experiments/target_completion_v1/class_target_all_rows/Qwen3-4B/adapter_config.json': Operation not permitted
chmod: changing permissions of '/data/cjt/hate/AnyCode-xu-l20/FineTune/experiments/target_completion_v1/class_target_all_rows/Qwen3-4B/chat_template.jinja': Operation not permitted
chmod: changing permissions of '/data/cjt/hate/AnyCode-xu-l20/FineTune/experiments/target_completion_v1/class_target_all_rows/Qwen3-4B/eval': Operation not permitted
chmod: changing permissions of '/data/cjt/hate/AnyCode-xu-l20/FineTune/experiments/target_completion_v1/class_target_all_rows/Qwen3-4B/eval/error_summary.json': Operation not permitted
chmod: changing permissions of '/data/cjt/hate/AnyCode-xu-l20/FineTune/experiments/target_completion_v1/class_target_all_rows/Qwen3-4B/eval/test_metrics.json': Operation not permitted
chmod: changing permissions of '/data/cjt/hate/AnyCode-xu-l20/FineTune/experiments/target_completion_v1/class_target_all_rows/Qwen3-4B/hate_class_vocab.json': Operation not permitted
chmod: changing permissions of '/data/cjt/hate/AnyCode-xu-l20/FineTune/experiments/target_completion_v1/class_target_all_rows/Qwen3-4B/tokenizer_config.json': Operation not permitted
chmod: changing permissions of '/data/cjt/hate/AnyCode-xu-l20/FineTune/experiments/target_completion_v1/class_target_all_rows/Qwen3-4B/trainable_params.json': Operation not permitted
chmod: changing permissions of '/data/cjt/hate/AnyCode-xu-l20/FineTune/experiments/target_completion_v1/class_target_all_rows/Qwen3-8B': Operation not permitted
chmod: changing permissions of '/data/cjt/hate/AnyCode-xu-l20/FineTune/experiments/target_completion_v1/class_target_all_rows/Qwen3-8B/README.md': Operation not permitted
chmod: changing permissions of '/data/cjt/hate/AnyCode-xu-l20/FineTune/experiments/target_completion_v1/class_target_all_rows/Qwen3-8B/adapter_config.json': Operation not permitted
chmod: changing permissions of '/data/cjt/hate/AnyCode-xu-l20/FineTune/experiments/target_completion_v1/class_target_all_rows/Qwen3-8B/chat_template.jinja': Operation not permitted
chmod: changing permissions of '/data/cjt/hate/AnyCode-xu-l20/FineTune/experiments/target_completion_v1/class_target_all_rows/Qwen3-8B/eval': Operation not permitted
chmod: changing permissions of '/data/cjt/hate/AnyCode-xu-l20/FineTune/experiments/target_completion_v1/class_target_all_rows/Qwen3-8B/eval/error_summary.json': Operation not permitted
chmod: changing permissions of '/data/cjt/hate/AnyCode-xu-l20/FineTune/experiments/target_completion_v1/class_target_all_rows/Qwen3-8B/eval/test_metrics.json': Operation not permitted
chmod: changing permissions of '/data/cjt/hate/AnyCode-xu-l20/FineTune/experiments/target_completion_v1/class_target_all_rows/Qwen3-8B/hate_class_vocab.json': Operation not permitted
chmod: changing permissions of '/data/cjt/hate/AnyCode-xu-l20/FineTune/experiments/target_completion_v1/class_target_all_rows/Qwen3-8B/tokenizer_config.json': Operation not permitted
chmod: changing permissions of '/data/cjt/hate/AnyCode-xu-l20/FineTune/experiments/target_completion_v1/class_target_all_rows/Qwen3-8B/trainable_params.json': Operation not permitted
chmod: changing permissions of '/data/cjt/hate/AnyCode-xu-l20/FineTune/logs': Operation not permitted
chmod: changing permissions of '/data/cjt/hate/AnyCode-xu-l20/FineTune/logs/README.md': Operation not permitted
chmod: changing permissions of '/data/cjt/hate/AnyCode-xu-l20/FineTune/requirements.txt': Operation not permitted
chmod: changing permissions of '/data/cjt/hate/AnyCode-xu-l20/FineTune/scripts': Operation not permitted
chmod: changing permissions of '/data/cjt/hate/AnyCode-xu-l20/FineTune/scripts/README.md': Operation not permitted
chmod: changing permissions of '/data/cjt/hate/AnyCode-xu-l20/FineTune/scripts/run_eval_gen.sh': Operation not permitted
chmod: changing permissions of '/data/cjt/hate/AnyCode-xu-l20/FineTune/scripts/run_eval_restructured_target.sh': Operation not permitted
chmod: changing permissions of '/data/cjt/hate/AnyCode-xu-l20/FineTune/scripts/run_prepare.sh': Operation not permitted
chmod: changing permissions of '/data/cjt/hate/AnyCode-xu-l20/FineTune/scripts/run_prepare_restructured_target.sh': Operation not permitted
chmod: changing permissions of '/data/cjt/hate/AnyCode-xu-l20/FineTune/scripts/run_prepare_statement_pilot.sh': Operation not permitted
chmod: changing permissions of '/data/cjt/hate/AnyCode-xu-l20/FineTune/scripts/run_train_gen.sh': Operation not permitted
chmod: changing permissions of '/data/cjt/hate/AnyCode-xu-l20/FineTune/scripts/run_train_restructured_target.sh': Operation not permitted
chmod: changing permissions of '/data/cjt/hate/AnyCode-xu-l20/FineTune/src': Operation not permitted
chmod: changing permissions of '/data/cjt/hate/AnyCode-xu-l20/FineTune/src/data': Operation not permitted
chmod: changing permissions of '/data/cjt/hate/AnyCode-xu-l20/FineTune/src/data/prepare_binary_data.py': Operation not permitted
chmod: changing permissions of '/data/cjt/hate/AnyCode-xu-l20/FineTune/src/data/prepare_restructured_ihc_target.py': Operation not permitted
chmod: changing permissions of '/data/cjt/hate/AnyCode-xu-l20/FineTune/src/data/prepare_statement_pilot.py': Operation not permitted
chmod: changing permissions of '/data/cjt/hate/AnyCode-xu-l20/FineTune/src/eval': Operation not permitted
chmod: changing permissions of '/data/cjt/hate/AnyCode-xu-l20/FineTune/src/eval/error_analysis.py': Operation not permitted
chmod: changing permissions of '/data/cjt/hate/AnyCode-xu-l20/FineTune/src/eval/evaluate_generative_binary.py': Operation not permitted
chmod: changing permissions of '/data/cjt/hate/AnyCode-xu-l20/FineTune/src/train': Operation not permitted
chmod: changing permissions of '/data/cjt/hate/AnyCode-xu-l20/FineTune/src/train/train_qlora_sft_binary.py': Operation not permitted
chmod -R u+rwX /data/cjt/nlpcourse
chmod: changing permissions of '/data/cjt/nlpcourse': Operation not permitted

## unreadable-after

### /data/cjt/hate/Try/RA-HMD_text

### /data/cjt/hate/AnyCode-xu-l20/DATA

### /data/cjt/hate/AnyCode-xu-l20/FineTune

### /data/cjt/nlpcourse
